{
  "id": 0,
  "title": "Nature",
  "image": "breathing_flower_avian_forest_mini",
  "animation_id": 8,
  "sounds": [
    {
      "id": 1,
      "url": "rem_Avian_Forest_Soft_128.mp3",
      "title": "Avian Forest",
      "duration": 0,
      "description": "Singing of tropical birds",
      "premium": false
    },
    {
      "id": 2,
      "url": "rem_Chimney_Place_Soft_128.mp3",
      "title": "Chimney Place",
      "duration": 0,
      "description": "Crackling fire in a tent",
      "premium": false
    },
    {
      "id": 3,
      "url": "rem_Heavy_Rain_Soft_128.mp3",
      "title": "Heavy Rain",
      "duration": 0,
      "description": "Raindrops dripping on the leaves",
      "premium": false
    },
    {
      "id": 4,
      "url": "rem_Summer_Rain_Soft_128.mp3",
      "title": "Summer Rain",
      "duration": 0,
      "description": "Warm rain dripping on the roof",
      "premium": true
    },
    {
      "id": 5,
      "url": "Cozy_Campfire.mp3",
      "title": "Cozy Campfire",
      "duration": 0,
      "description": "Crackling fireplace in rainy evening",
      "premium": true
    },
    {
      "id": 6,
      "url": "Birds_Garden.mp3",
      "title": "Birds Garden",
      "duration": 0,
      "description": "Rest at the stream with birds",
      "premium": true
    },
    {
      "id": 7,
      "url": "rem_White_Noise_Soft_128.mp3",
      "title": "White Noise",
      "duration": 0,
      "description": "Emanation of the Universe",
      "premium": true
    },
    {
      "id": 8,
      "url": "rem_Ocean_Breath_Soft_128.mp3",
      "title": "Ocean Breath",
      "duration": 0,
      "description": "Beach calm",
      "premium": true
    },
    {
      "id": 9,
      "url": "Brown_Noise.mp3",
      "title": "Brown Noise",
      "duration": 0,
      "description": "Singing of molecules",
      "premium": true
    },
    {
      "id": 10,
      "url": "Deep_Sea.mp3",
      "title": "Deep Sea",
      "duration": 0,
      "description": "Underwater world",
      "premium": true
    },
    {
      "id": 11,
      "url": "Thunderstorm.mp3",
      "title": "Thunderstorm",
      "duration": 0,
      "description": "May thunderstorm",
      "premium": true
    }
  ]
}
