[
  {
    "id": 1,
    "title": "Accident",
    "image": "accident",
    "text": "accident.txt"
  },
  {
    "id": 2,
    "title": "Birds",
    "image": "birds",
    "text": "birds.txt"
  },
  {
    "id": 3,
    "title": "Chase",
    "image": "chase",
    "text": "chase.txt"
  },
  {
    "id": 4,
    "title": "Climb",
    "image": "climb",
    "text": "climb.txt"
  },
  {
    "id": 5,
    "title": "Clown",
    "image": "clown",
    "text": "clown.txt"
  },
  {
    "id": 6,
    "title": "Death",
    "image": "death",
    "text": "death.txt"
  },
  {
    "id": 7,
    "title": "Exam",
    "image": "exam",
    "text": "exam.txt"
  },
  {
    "id": 8,
    "title": "Fall",
    "image": "fall",
    "text": "fall.txt"
  },
  {
    "id": 9,
    "title": "Fire",
    "image": "fire",
    "text": "fire.txt"
  },
  {
    "id": 10,
    "title": "Flying",
    "image": "flying",
    "text": "flying.txt"
  },
  {
    "id": 11,
    "title": "Funeral",
    "image": "funeral",
    "text": "funeral.txt"
  },
  {
    "id": 12,
    "title": "House",
    "image": "house",
    "text": "house.txt"
  },
  {
    "id": 13,
    "title": "Nudity",
    "image": "nudity",
    "text": "nudity.txt"
  },
  {
    "id": 14,
    "title": "Paralysis",
    "image": "paralysis",
    "text": "paralysis.txt"
  },
  {
    "id": 15,
    "title": "Pregnant",
    "image": "pregnant",
    "text": "pregnant.txt"
  },
  {
    "id": 16,
    "title": "Quarrel",
    "image": "quarrel",
    "text": "quarrel.txt"
  },
  {
    "id": 17,
    "title": "Shadow",
    "image": "shadow",
    "text": "shadow.txt"
  },
  {
    "id": 18,
    "title": "Snake",
    "image": "snake",
    "text": "snake.txt"
  },
  {
    "id": 19,
    "title": "Suffocating",
    "image": "suffocating",
    "text": "suffocating.txt"
  },
  {
    "id": 20,
    "title": "Sun",
    "image": "sun",
    "text": "sun.txt"
  },
  {
    "id": 21,
    "title": "Teeth",
    "image": "teeth",
    "text": "teeth.txt"
  },
  {
    "id": 22,
    "title": "Treasure",
    "image": "treasure",
    "text": "treasure.txt"
  },
  {
    "id": 23,
    "title": "Water",
    "image": "water",
    "text": "water.txt"
  },
  {
    "id": 24,
    "title": "Wedding",
    "image": "wedding",
    "text": "wedding.txt"
  }
]
