{"v":"5.3.4","fr":30,"ip":0,"op":240,"w":650,"h":650,"nm":"Flower_lottie_11","ddd":0,"assets":[],"layers":[{"ddd":0,"ind":1,"ty":3,"nm":"Null 4","sr":1,"ks":{"o":{"a":0,"k":0,"ix":11},"r":{"a":1,"k":[{"i":{"x":[0.667],"y":[1]},"o":{"x":[0.333],"y":[0]},"n":["0p667_1_0p333_0"],"t":0,"s":[0],"e":[90]},{"i":{"x":[0.667],"y":[1]},"o":{"x":[0.333],"y":[0]},"n":["0p667_1_0p333_0"],"t":120,"s":[90],"e":[0]},{"t":239}],"ix":10},"p":{"a":0,"k":[325,325,0],"ix":2},"a":{"a":0,"k":[0,0,0],"ix":1},"s":{"a":0,"k":[77,77,100],"ix":6}},"ao":0,"ip":0,"op":240,"st":0,"bm":0},{"ddd":0,"ind":2,"ty":4,"nm":"8","parent":1,"sr":1,"ks":{"o":{"a":0,"k":100,"ix":11},"r":{"a":0,"k":315,"ix":10},"p":{"a":1,"k":[{"i":{"x":0.667,"y":1},"o":{"x":0.333,"y":0},"n":"0p667_1_0p333_0","t":0,"s":[60,60,0],"e":[0,0,0],"to":[-10,-10,0],"ti":[0,0,0]},{"i":{"x":0.667,"y":1},"o":{"x":0.333,"y":0},"n":"0p667_1_0p333_0","t":120,"s":[0,0,0],"e":[60,60,0],"to":[0,0,0],"ti":[-10,-10,0]},{"t":239}],"ix":2},"a":{"a":0,"k":[325,325,0],"ix":1},"s":{"a":0,"k":[129.87,129.87,100],"ix":6}},"ao":0,"shapes":[{"ty":"gr","it":[{"ind":0,"ty":"sh","ix":1,"ks":{"a":0,"k":{"i":[[0,0],[0,0],[17.571,-22.665],[19.934,-18.653],[-51.074,-51.074],[-32.7,-0.236],[0,0],[24.761,24.76],[-55.627,52.042],[-12.477,16.094],[0.805,17.306],[-20.748,-25.204],[49.329,-49.327],[32.466,-0.212],[0,0],[-24.953,24.951],[45.883,55.735],[36.655,29.587],[0,0]],"o":[[0,0],[1.282,17.248],[-12.434,16.038],[-56.055,52.443],[24.95,24.95],[0,0],[-32.452,-0.222],[-50.648,-50.649],[19.972,-18.689],[17.315,-22.335],[36.53,29.593],[45.546,55.325],[-24.77,24.771],[0,0],[32.703,-0.235],[49.718,-49.718],[-20.978,-25.482],[0,0],[0,0]],"v":[[-12.769,-162.841],[-12.68,-161.638],[-38.241,-101.415],[-83.948,-53.027],[-91.497,124.992],[-0.303,162.841],[-0.376,161.784],[-90.754,124.249],[-83.23,-52.26],[-37.411,-100.771],[-11.56,-160.521],[95.877,-58.903],[90.198,124.249],[-0.376,161.784],[-0.303,162.841],[90.942,124.992],[96.688,-59.571],[-11.826,-162.087],[-12.761,-162.841]],"c":true},"ix":2},"nm":"Path 2","mn":"ADBE Vector Shape - Group","hd":false},{"ty":"gf","o":{"a":0,"k":100,"ix":10},"r":1,"g":{"p":3,"k":{"a":0,"k":[0,1,0.686,0.686,0.5,0.671,0.565,0.843,1,0.341,0.443,1],"ix":9}},"s":{"a":0,"k":[-202.278,80.695],"ix":5},"e":{"a":0,"k":[73.31,118.85],"ix":6},"t":1,"nm":"Gradient Fill 1","mn":"ADBE Vector Graphic - G-Fill","hd":false},{"ty":"tr","p":{"a":0,"k":[324.032,162.841],"ix":2},"a":{"a":0,"k":[0,0],"ix":1},"s":{"a":0,"k":[100,100],"ix":3},"r":{"a":0,"k":0,"ix":6},"o":{"a":0,"k":100,"ix":7},"sk":{"a":0,"k":0,"ix":4},"sa":{"a":0,"k":0,"ix":5},"nm":"Transform"}],"nm":"Group 1","np":2,"cix":2,"ix":1,"mn":"ADBE Vector Group","hd":false}],"ip":0,"op":240,"st":0,"bm":0},{"ddd":0,"ind":3,"ty":4,"nm":"7","parent":1,"sr":1,"ks":{"o":{"a":0,"k":100,"ix":11},"r":{"a":0,"k":270,"ix":10},"p":{"a":1,"k":[{"i":{"x":0.667,"y":1},"o":{"x":0.333,"y":0},"n":"0p667_1_0p333_0","t":0,"s":[90,0,0],"e":[0,0,0],"to":[-15,0,0],"ti":[0,0,0]},{"i":{"x":0.667,"y":1},"o":{"x":0.333,"y":0},"n":"0p667_1_0p333_0","t":120,"s":[0,0,0],"e":[90,0,0],"to":[0,0,0],"ti":[-15,0,0]},{"t":239}],"ix":2},"a":{"a":0,"k":[325,325,0],"ix":1},"s":{"a":0,"k":[129.87,129.87,100],"ix":6}},"ao":0,"shapes":[{"ty":"gr","it":[{"ind":0,"ty":"sh","ix":1,"ks":{"a":0,"k":{"i":[[0,0],[0,0],[17.571,-22.665],[19.934,-18.653],[-51.074,-51.074],[-32.7,-0.236],[0,0],[24.761,24.76],[-55.627,52.042],[-12.477,16.094],[0.805,17.306],[-20.748,-25.204],[49.329,-49.327],[32.466,-0.212],[0,0],[-24.953,24.951],[45.883,55.735],[36.655,29.587],[0,0]],"o":[[0,0],[1.282,17.248],[-12.434,16.038],[-56.055,52.443],[24.95,24.95],[0,0],[-32.452,-0.222],[-50.648,-50.649],[19.972,-18.689],[17.315,-22.335],[36.53,29.593],[45.546,55.325],[-24.77,24.771],[0,0],[32.703,-0.235],[49.718,-49.718],[-20.978,-25.482],[0,0],[0,0]],"v":[[-12.769,-162.841],[-12.68,-161.638],[-38.241,-101.415],[-83.948,-53.027],[-91.497,124.992],[-0.303,162.841],[-0.376,161.784],[-90.754,124.249],[-83.23,-52.26],[-37.411,-100.771],[-11.56,-160.521],[95.877,-58.903],[90.198,124.249],[-0.376,161.784],[-0.303,162.841],[90.942,124.992],[96.688,-59.571],[-11.826,-162.087],[-12.761,-162.841]],"c":true},"ix":2},"nm":"Path 2","mn":"ADBE Vector Shape - Group","hd":false},{"ty":"gf","o":{"a":0,"k":100,"ix":10},"r":1,"g":{"p":3,"k":{"a":0,"k":[0,1,0.686,0.686,0.5,0.671,0.565,0.843,1,0.341,0.443,1],"ix":9}},"s":{"a":0,"k":[-196.775,-74.893],"ix":5},"e":{"a":0,"k":[-32.745,165.178],"ix":6},"t":1,"nm":"Gradient Fill 1","mn":"ADBE Vector Graphic - G-Fill","hd":false},{"ty":"tr","p":{"a":0,"k":[324.032,162.841],"ix":2},"a":{"a":0,"k":[0,0],"ix":1},"s":{"a":0,"k":[100,100],"ix":3},"r":{"a":0,"k":0,"ix":6},"o":{"a":0,"k":100,"ix":7},"sk":{"a":0,"k":0,"ix":4},"sa":{"a":0,"k":0,"ix":5},"nm":"Transform"}],"nm":"Group 1","np":2,"cix":2,"ix":1,"mn":"ADBE Vector Group","hd":false}],"ip":0,"op":240,"st":0,"bm":0},{"ddd":0,"ind":4,"ty":4,"nm":"6","parent":1,"sr":1,"ks":{"o":{"a":0,"k":100,"ix":11},"r":{"a":0,"k":225,"ix":10},"p":{"a":1,"k":[{"i":{"x":0.667,"y":1},"o":{"x":0.333,"y":0},"n":"0p667_1_0p333_0","t":0,"s":[60,-60,0],"e":[0,0,0],"to":[-10,10,0],"ti":[0,0,0]},{"i":{"x":0.667,"y":1},"o":{"x":0.333,"y":0},"n":"0p667_1_0p333_0","t":120,"s":[0,0,0],"e":[60,-60,0],"to":[0,0,0],"ti":[-10,10,0]},{"t":239}],"ix":2},"a":{"a":0,"k":[325,325,0],"ix":1},"s":{"a":0,"k":[129.87,129.87,100],"ix":6}},"ao":0,"shapes":[{"ty":"gr","it":[{"ind":0,"ty":"sh","ix":1,"ks":{"a":0,"k":{"i":[[0,0],[0,0],[17.571,-22.665],[19.934,-18.653],[-51.074,-51.074],[-32.7,-0.236],[0,0],[24.761,24.76],[-55.627,52.042],[-12.477,16.094],[0.805,17.306],[-20.748,-25.204],[49.329,-49.327],[32.466,-0.212],[0,0],[-24.953,24.951],[45.883,55.735],[36.655,29.587],[0,0]],"o":[[0,0],[1.282,17.248],[-12.434,16.038],[-56.055,52.443],[24.95,24.95],[0,0],[-32.452,-0.222],[-50.648,-50.649],[19.972,-18.689],[17.315,-22.335],[36.53,29.593],[45.546,55.325],[-24.77,24.771],[0,0],[32.703,-0.235],[49.718,-49.718],[-20.978,-25.482],[0,0],[0,0]],"v":[[-12.769,-162.841],[-12.68,-161.638],[-38.241,-101.415],[-83.948,-53.027],[-91.497,124.992],[-0.303,162.841],[-0.376,161.784],[-90.754,124.249],[-83.23,-52.26],[-37.411,-100.771],[-11.56,-160.521],[95.877,-58.903],[90.198,124.249],[-0.376,161.784],[-0.303,162.841],[90.942,124.992],[96.688,-59.571],[-11.826,-162.087],[-12.761,-162.841]],"c":true},"ix":2},"nm":"Path 2","mn":"ADBE Vector Shape - Group","hd":false},{"ty":"gf","o":{"a":0,"k":100,"ix":10},"r":1,"g":{"p":3,"k":{"a":0,"k":[0,1,0.686,0.686,0.5,0.671,0.565,0.843,1,0.341,0.443,1],"ix":9}},"s":{"a":0,"k":[-44.324,-177.179],"ix":5},"e":{"a":0,"k":[-64.282,63.692],"ix":6},"t":1,"nm":"Gradient Fill 1","mn":"ADBE Vector Graphic - G-Fill","hd":false},{"ty":"tr","p":{"a":0,"k":[324.032,162.841],"ix":2},"a":{"a":0,"k":[0,0],"ix":1},"s":{"a":0,"k":[100,100],"ix":3},"r":{"a":0,"k":0,"ix":6},"o":{"a":0,"k":100,"ix":7},"sk":{"a":0,"k":0,"ix":4},"sa":{"a":0,"k":0,"ix":5},"nm":"Transform"}],"nm":"Group 1","np":2,"cix":2,"ix":1,"mn":"ADBE Vector Group","hd":false}],"ip":0,"op":240,"st":0,"bm":0},{"ddd":0,"ind":5,"ty":4,"nm":"5","parent":1,"sr":1,"ks":{"o":{"a":0,"k":100,"ix":11},"r":{"a":0,"k":180,"ix":10},"p":{"a":1,"k":[{"i":{"x":0.667,"y":1},"o":{"x":0.333,"y":0},"n":"0p667_1_0p333_0","t":0,"s":[0,-90,0],"e":[0,0,0],"to":[0,15,0],"ti":[0,0,0]},{"i":{"x":0.667,"y":1},"o":{"x":0.333,"y":0},"n":"0p667_1_0p333_0","t":120,"s":[0,0,0],"e":[0,-90,0],"to":[0,0,0],"ti":[0,15,0]},{"t":239}],"ix":2},"a":{"a":0,"k":[325,325,0],"ix":1},"s":{"a":0,"k":[129.87,129.87,100],"ix":6}},"ao":0,"shapes":[{"ty":"gr","it":[{"ind":0,"ty":"sh","ix":1,"ks":{"a":0,"k":{"i":[[0,0],[0,0],[17.571,-22.665],[19.934,-18.653],[-51.074,-51.074],[-32.7,-0.236],[0,0],[24.761,24.76],[-55.627,52.042],[-12.477,16.094],[0.805,17.306],[-20.748,-25.204],[49.329,-49.327],[32.466,-0.212],[0,0],[-24.953,24.951],[45.883,55.735],[36.655,29.587],[0,0]],"o":[[0,0],[1.282,17.248],[-12.434,16.038],[-56.055,52.443],[24.95,24.95],[0,0],[-32.452,-0.222],[-50.648,-50.649],[19.972,-18.689],[17.315,-22.335],[36.53,29.593],[45.546,55.325],[-24.77,24.771],[0,0],[32.703,-0.235],[49.718,-49.718],[-20.978,-25.482],[0,0],[0,0]],"v":[[-12.769,-162.841],[-12.68,-161.638],[-38.241,-101.415],[-83.948,-53.027],[-91.497,124.992],[-0.303,162.841],[-0.376,161.784],[-90.754,124.249],[-83.23,-52.26],[-37.411,-100.771],[-11.56,-160.521],[95.877,-58.903],[90.198,124.249],[-0.376,161.784],[-0.303,162.841],[90.942,124.992],[96.688,-59.571],[-11.826,-162.087],[-12.761,-162.841]],"c":true},"ix":2},"nm":"Path 2","mn":"ADBE Vector Shape - Group","hd":false},{"ty":"gf","o":{"a":0,"k":100,"ix":10},"r":1,"g":{"p":3,"k":{"a":0,"k":[0,1,0.686,0.686,0.5,0.671,0.565,0.843,1,0.341,0.443,1],"ix":9}},"s":{"a":0,"k":[39.107,-266.24],"ix":5},"e":{"a":0,"k":[-132.378,-30.279],"ix":6},"t":1,"nm":"Gradient Fill 1","mn":"ADBE Vector Graphic - G-Fill","hd":false},{"ty":"tr","p":{"a":0,"k":[324.032,162.841],"ix":2},"a":{"a":0,"k":[0,0],"ix":1},"s":{"a":0,"k":[100,100],"ix":3},"r":{"a":0,"k":0,"ix":6},"o":{"a":0,"k":100,"ix":7},"sk":{"a":0,"k":0,"ix":4},"sa":{"a":0,"k":0,"ix":5},"nm":"Transform"}],"nm":"Group 1","np":2,"cix":2,"ix":1,"mn":"ADBE Vector Group","hd":false}],"ip":0,"op":240,"st":0,"bm":0},{"ddd":0,"ind":6,"ty":4,"nm":"4","parent":1,"sr":1,"ks":{"o":{"a":0,"k":100,"ix":11},"r":{"a":0,"k":135,"ix":10},"p":{"a":1,"k":[{"i":{"x":0.667,"y":1},"o":{"x":0.333,"y":0},"n":"0p667_1_0p333_0","t":0,"s":[-60,-60,0],"e":[0,0,0],"to":[10,10,0],"ti":[0,0,0]},{"i":{"x":0.667,"y":1},"o":{"x":0.333,"y":0},"n":"0p667_1_0p333_0","t":120,"s":[0,0,0],"e":[-60,-60,0],"to":[0,0,0],"ti":[10,10,0]},{"t":239}],"ix":2},"a":{"a":0,"k":[325,325,0],"ix":1},"s":{"a":0,"k":[129.87,129.87,100],"ix":6}},"ao":0,"shapes":[{"ty":"gr","it":[{"ind":0,"ty":"sh","ix":1,"ks":{"a":0,"k":{"i":[[0,0],[0,0],[17.571,-22.665],[19.934,-18.653],[-51.074,-51.074],[-32.7,-0.236],[0,0],[24.761,24.76],[-55.627,52.042],[-12.477,16.094],[0.805,17.306],[-20.748,-25.204],[49.329,-49.327],[32.466,-0.212],[0,0],[-24.953,24.951],[45.883,55.735],[36.655,29.587],[0,0]],"o":[[0,0],[1.282,17.248],[-12.434,16.038],[-56.055,52.443],[24.95,24.95],[0,0],[-32.452,-0.222],[-50.648,-50.649],[19.972,-18.689],[17.315,-22.335],[36.53,29.593],[45.546,55.325],[-24.77,24.771],[0,0],[32.703,-0.235],[49.718,-49.718],[-20.978,-25.482],[0,0],[0,0]],"v":[[-12.769,-162.841],[-12.68,-161.638],[-38.241,-101.415],[-83.948,-53.027],[-91.497,124.992],[-0.303,162.841],[-0.376,161.784],[-90.754,124.249],[-83.23,-52.26],[-37.411,-100.771],[-11.56,-160.521],[95.877,-58.903],[90.198,124.249],[-0.376,161.784],[-0.303,162.841],[90.942,124.992],[96.688,-59.571],[-11.826,-162.087],[-12.761,-162.841]],"c":true},"ix":2},"nm":"Path 2","mn":"ADBE Vector Shape - Group","hd":false},{"ty":"gf","o":{"a":0,"k":100,"ix":10},"r":1,"g":{"p":3,"k":{"a":0,"k":[0,1,0.686,0.686,0.5,0.671,0.565,0.843,1,0.341,0.443,1],"ix":9}},"s":{"a":0,"k":[193.389,-89.254],"ix":5},"e":{"a":0,"k":[-66.853,-99.092],"ix":6},"t":1,"nm":"Gradient Fill 1","mn":"ADBE Vector Graphic - G-Fill","hd":false},{"ty":"tr","p":{"a":0,"k":[324.032,162.841],"ix":2},"a":{"a":0,"k":[0,0],"ix":1},"s":{"a":0,"k":[100,100],"ix":3},"r":{"a":0,"k":0,"ix":6},"o":{"a":0,"k":100,"ix":7},"sk":{"a":0,"k":0,"ix":4},"sa":{"a":0,"k":0,"ix":5},"nm":"Transform"}],"nm":"Group 1","np":2,"cix":2,"ix":1,"mn":"ADBE Vector Group","hd":false}],"ip":0,"op":240,"st":0,"bm":0},{"ddd":0,"ind":7,"ty":4,"nm":"3","parent":1,"sr":1,"ks":{"o":{"a":0,"k":100,"ix":11},"r":{"a":0,"k":90,"ix":10},"p":{"a":1,"k":[{"i":{"x":0.667,"y":1},"o":{"x":0.333,"y":0},"n":"0p667_1_0p333_0","t":0,"s":[-90,0,0],"e":[0,0,0],"to":[15,0,0],"ti":[0,0,0]},{"i":{"x":0.667,"y":1},"o":{"x":0.333,"y":0},"n":"0p667_1_0p333_0","t":120,"s":[0,0,0],"e":[-90,0,0],"to":[0,0,0],"ti":[15,0,0]},{"t":239}],"ix":2},"a":{"a":0,"k":[325,325,0],"ix":1},"s":{"a":0,"k":[129.87,129.87,100],"ix":6}},"ao":0,"shapes":[{"ty":"gr","it":[{"ind":0,"ty":"sh","ix":1,"ks":{"a":0,"k":{"i":[[0,0],[0,0],[17.571,-22.665],[19.934,-18.653],[-51.074,-51.074],[-32.7,-0.236],[0,0],[24.761,24.76],[-55.627,52.042],[-12.477,16.094],[0.805,17.306],[-20.748,-25.204],[49.329,-49.327],[32.466,-0.212],[0,0],[-24.953,24.951],[45.883,55.735],[36.655,29.587],[0,0]],"o":[[0,0],[1.282,17.248],[-12.434,16.038],[-56.055,52.443],[24.95,24.95],[0,0],[-32.452,-0.222],[-50.648,-50.649],[19.972,-18.689],[17.315,-22.335],[36.53,29.593],[45.546,55.325],[-24.77,24.771],[0,0],[32.703,-0.235],[49.718,-49.718],[-20.978,-25.482],[0,0],[0,0]],"v":[[-12.769,-162.841],[-12.68,-161.638],[-38.241,-101.415],[-83.948,-53.027],[-91.497,124.992],[-0.303,162.841],[-0.376,161.784],[-90.754,124.249],[-83.23,-52.26],[-37.411,-100.771],[-11.56,-160.521],[95.877,-58.903],[90.198,124.249],[-0.376,161.784],[-0.303,162.841],[90.942,124.992],[96.688,-59.571],[-11.826,-162.087],[-12.761,-162.841]],"c":true},"ix":2},"nm":"Path 2","mn":"ADBE Vector Shape - Group","hd":false},{"ty":"gf","o":{"a":0,"k":100,"ix":10},"r":1,"g":{"p":3,"k":{"a":0,"k":[0,1,0.686,0.686,0.5,0.671,0.565,0.843,1,0.341,0.443,1],"ix":9}},"s":{"a":0,"k":[238.814,81.928],"ix":5},"e":{"a":0,"k":[81.446,-122.88],"ix":6},"t":1,"nm":"Gradient Fill 1","mn":"ADBE Vector Graphic - G-Fill","hd":false},{"ty":"tr","p":{"a":0,"k":[324.032,162.841],"ix":2},"a":{"a":0,"k":[0,0],"ix":1},"s":{"a":0,"k":[100,100],"ix":3},"r":{"a":0,"k":0,"ix":6},"o":{"a":0,"k":100,"ix":7},"sk":{"a":0,"k":0,"ix":4},"sa":{"a":0,"k":0,"ix":5},"nm":"Transform"}],"nm":"Group 1","np":2,"cix":2,"ix":1,"mn":"ADBE Vector Group","hd":false}],"ip":0,"op":240,"st":0,"bm":0},{"ddd":0,"ind":8,"ty":4,"nm":"2","parent":1,"sr":1,"ks":{"o":{"a":0,"k":100,"ix":11},"r":{"a":0,"k":45,"ix":10},"p":{"a":1,"k":[{"i":{"x":0.667,"y":1},"o":{"x":0.333,"y":0},"n":"0p667_1_0p333_0","t":0,"s":[-60,60,0],"e":[0,0,0],"to":[10,-10,0],"ti":[0,0,0]},{"i":{"x":0.667,"y":1},"o":{"x":0.333,"y":0},"n":"0p667_1_0p333_0","t":120,"s":[0,0,0],"e":[-60,60,0],"to":[0,0,0],"ti":[10,-10,0]},{"t":239}],"ix":2},"a":{"a":0,"k":[325,325,0],"ix":1},"s":{"a":0,"k":[129.87,129.87,100],"ix":6}},"ao":0,"shapes":[{"ty":"gr","it":[{"ind":0,"ty":"sh","ix":1,"ks":{"a":0,"k":{"i":[[0,0],[0,0],[17.571,-22.665],[19.934,-18.653],[-51.074,-51.074],[-32.7,-0.236],[0,0],[24.761,24.76],[-55.627,52.042],[-12.477,16.094],[0.805,17.306],[-20.748,-25.204],[49.329,-49.327],[32.466,-0.212],[0,0],[-24.953,24.951],[45.883,55.735],[36.655,29.587],[0,0]],"o":[[0,0],[1.282,17.248],[-12.434,16.038],[-56.055,52.443],[24.95,24.95],[0,0],[-32.452,-0.222],[-50.648,-50.649],[19.972,-18.689],[17.315,-22.335],[36.53,29.593],[45.546,55.325],[-24.77,24.771],[0,0],[32.703,-0.235],[49.718,-49.718],[-20.978,-25.482],[0,0],[0,0]],"v":[[-12.769,-162.841],[-12.68,-161.638],[-38.241,-101.415],[-83.948,-53.027],[-91.497,124.992],[-0.303,162.841],[-0.376,161.784],[-90.754,124.249],[-83.23,-52.26],[-37.411,-100.771],[-11.56,-160.521],[95.877,-58.903],[90.198,124.249],[-0.376,161.784],[-0.303,162.841],[90.942,124.992],[96.688,-59.571],[-11.826,-162.087],[-12.761,-162.841]],"c":true},"ix":2},"nm":"Path 2","mn":"ADBE Vector Shape - Group","hd":false},{"ty":"gf","o":{"a":0,"k":100,"ix":10},"r":1,"g":{"p":3,"k":{"a":0,"k":[0,1,0.686,0.686,0.5,0.671,0.565,0.843,1,0.341,0.443,1],"ix":9}},"s":{"a":0,"k":[87.35,269.072],"ix":5},"e":{"a":0,"k":[107.19,-17.318],"ix":6},"t":1,"nm":"Gradient Fill 1","mn":"ADBE Vector Graphic - G-Fill","hd":false},{"ty":"tr","p":{"a":0,"k":[324.032,162.841],"ix":2},"a":{"a":0,"k":[0,0],"ix":1},"s":{"a":0,"k":[100,100],"ix":3},"r":{"a":0,"k":0,"ix":6},"o":{"a":0,"k":100,"ix":7},"sk":{"a":0,"k":0,"ix":4},"sa":{"a":0,"k":0,"ix":5},"nm":"Transform"}],"nm":"Group 1","np":2,"cix":2,"ix":1,"mn":"ADBE Vector Group","hd":false}],"ip":0,"op":240,"st":0,"bm":0},{"ddd":0,"ind":9,"ty":4,"nm":"1","parent":1,"sr":1,"ks":{"o":{"a":0,"k":100,"ix":11},"r":{"a":0,"k":0,"ix":10},"p":{"a":1,"k":[{"i":{"x":0.667,"y":1},"o":{"x":0.333,"y":0},"n":"0p667_1_0p333_0","t":0,"s":[0,90,0],"e":[0,0,0],"to":[0,-15,0],"ti":[0,0,0]},{"i":{"x":0.667,"y":1},"o":{"x":0.333,"y":0},"n":"0p667_1_0p333_0","t":120,"s":[0,0,0],"e":[0,90,0],"to":[0,0,0],"ti":[0,-15,0]},{"t":239}],"ix":2},"a":{"a":0,"k":[325,325,0],"ix":1},"s":{"a":0,"k":[129.87,129.87,100],"ix":6}},"ao":0,"shapes":[{"ty":"gr","it":[{"ind":0,"ty":"sh","ix":1,"ks":{"a":0,"k":{"i":[[0,0],[0,0],[17.571,-22.665],[19.934,-18.653],[-51.074,-51.074],[-32.7,-0.236],[0,0],[24.761,24.76],[-55.627,52.042],[-12.477,16.094],[0.805,17.306],[-20.748,-25.204],[49.329,-49.327],[32.466,-0.212],[0,0],[-24.953,24.951],[45.883,55.735],[36.655,29.587],[0,0]],"o":[[0,0],[1.282,17.248],[-12.434,16.038],[-56.055,52.443],[24.95,24.95],[0,0],[-32.452,-0.222],[-50.648,-50.649],[19.972,-18.689],[17.315,-22.335],[36.53,29.593],[45.546,55.325],[-24.77,24.771],[0,0],[32.703,-0.235],[49.718,-49.718],[-20.978,-25.482],[0,0],[0,0]],"v":[[-12.769,-162.841],[-12.68,-161.638],[-38.241,-101.415],[-83.948,-53.027],[-91.497,124.992],[-0.303,162.841],[-0.376,161.784],[-90.754,124.249],[-83.23,-52.26],[-37.411,-100.771],[-11.56,-160.521],[95.877,-58.903],[90.198,124.249],[-0.376,161.784],[-0.303,162.841],[90.942,124.992],[96.688,-59.571],[-11.826,-162.087],[-12.761,-162.841]],"c":true},"ix":2},"nm":"Path 2","mn":"ADBE Vector Shape - Group","hd":false},{"ty":"gf","o":{"a":0,"k":100,"ix":10},"r":1,"g":{"p":3,"k":{"a":0,"k":[0,1,0.686,0.686,0.5,0.671,0.565,0.843,1,0.341,0.443,1],"ix":9}},"s":{"a":0,"k":[-82.178,225.889],"ix":5},"e":{"a":0,"k":[126.048,-12.72],"ix":6},"t":1,"nm":"Gradient Fill 1","mn":"ADBE Vector Graphic - G-Fill","hd":false},{"ty":"tr","p":{"a":0,"k":[324.032,162.841],"ix":2},"a":{"a":0,"k":[0,0],"ix":1},"s":{"a":0,"k":[100,100],"ix":3},"r":{"a":0,"k":0,"ix":6},"o":{"a":0,"k":100,"ix":7},"sk":{"a":0,"k":0,"ix":4},"sa":{"a":0,"k":0,"ix":5},"nm":"Transform"}],"nm":"Group 1","np":2,"cix":2,"ix":1,"mn":"ADBE Vector Group","hd":false}],"ip":0,"op":240,"st":0,"bm":0}],"markers":[]}