{"v":"5.3.4","fr":30,"ip":0,"op":240,"w":650,"h":650,"nm":"Flower_lottie_8","ddd":0,"assets":[],"layers":[{"ddd":0,"ind":1,"ty":3,"nm":"Null 4","sr":1,"ks":{"o":{"a":0,"k":0,"ix":11},"r":{"a":1,"k":[{"i":{"x":[0.667],"y":[1]},"o":{"x":[0.333],"y":[0]},"n":["0p667_1_0p333_0"],"t":0,"s":[0],"e":[90]},{"i":{"x":[0.667],"y":[1]},"o":{"x":[0.333],"y":[0]},"n":["0p667_1_0p333_0"],"t":120,"s":[90],"e":[0]},{"t":239}],"ix":10},"p":{"a":0,"k":[325,325,0],"ix":2},"a":{"a":0,"k":[0,0,0],"ix":1},"s":{"a":0,"k":[89,89,100],"ix":6}},"ao":0,"ip":0,"op":240,"st":0,"bm":0},{"ddd":0,"ind":2,"ty":4,"nm":"8","parent":1,"sr":1,"ks":{"o":{"a":0,"k":100,"ix":11},"r":{"a":0,"k":315,"ix":10},"p":{"a":1,"k":[{"i":{"x":0.667,"y":1},"o":{"x":0.333,"y":0},"n":"0p667_1_0p333_0","t":0,"s":[60,60,0],"e":[0,0,0],"to":[-10,-10,0],"ti":[0,0,0]},{"i":{"x":0.667,"y":1},"o":{"x":0.333,"y":0},"n":"0p667_1_0p333_0","t":120,"s":[0,0,0],"e":[60,60,0],"to":[0,0,0],"ti":[-10,-10,0]},{"t":239}],"ix":2},"a":{"a":0,"k":[325,325,0],"ix":1},"s":{"a":0,"k":[112.36,112.36,100],"ix":6}},"ao":0,"shapes":[{"ty":"gr","it":[{"ind":0,"ty":"sh","ix":1,"ks":{"a":0,"k":{"i":[[0,0],[-42.081,-42.081],[0,0],[0,0],[0,0],[-41.691,41.695],[0,0],[0,0],[41.692,-41.692],[0,0],[0,0],[0,0],[42.082,42.085],[0,0]],"o":[[-42.081,42.085],[0,0],[0,0],[0,0],[-41.691,-41.692],[0,0],[0,0],[41.692,41.695],[0,0],[0,0],[0,0],[42.082,-42.081],[0,0],[0,0]],"v":[[-55.635,-76.198],[-55.635,76.194],[-0.001,131.831],[-0.001,130.418],[-54.93,75.488],[-54.93,-75.492],[-0.001,-130.417],[54.928,-75.492],[54.928,75.488],[-0.001,130.418],[-0.001,131.831],[55.634,76.194],[55.634,-76.198],[-0.001,-131.831]],"c":true},"ix":2},"nm":"Path 2","mn":"ADBE Vector Shape - Group","hd":false},{"ty":"gf","o":{"a":0,"k":100,"ix":10},"r":1,"g":{"p":3,"k":{"a":0,"k":[0,0.02,1,0.792,0.5,0.01,0.733,0.769,1,0,0.467,0.745],"ix":9}},"s":{"a":0,"k":[-150.132,-5.827],"ix":5},"e":{"a":0,"k":[142.863,-13.642],"ix":6},"t":1,"nm":"Gradient Fill 1","mn":"ADBE Vector Graphic - G-Fill","hd":false},{"ty":"tr","p":{"a":0,"k":[325.232,193.633],"ix":2},"a":{"a":0,"k":[0,0],"ix":1},"s":{"a":0,"k":[100,100],"ix":3},"r":{"a":0,"k":0,"ix":6},"o":{"a":0,"k":100,"ix":7},"sk":{"a":0,"k":0,"ix":4},"sa":{"a":0,"k":0,"ix":5},"nm":"Transform"}],"nm":"Group 1","np":2,"cix":2,"ix":1,"mn":"ADBE Vector Group","hd":false},{"ty":"gr","it":[{"ind":0,"ty":"sh","ix":1,"ks":{"a":0,"k":{"i":[[0,0],[0,0],[-16.803,-17.362],[-0.176,-0.175],[0,0],[-16.408,16.785],[16.316,-16.852],[0,0],[-0.162,0.167],[17.161,17.162]],"o":[[0,0],[-17.152,17.152],[0.172,0.179],[0,0],[-16.292,-16.853],[16.416,16.793],[0,0],[0.166,-0.165],[16.835,-17.36],[0,0]],"v":[[0,-31.608],[-0.353,-31.254],[-0.876,30.96],[0,31.608],[0,30.434],[0,-30.191],[0,30.434],[0,31.608],[0.844,30.991],[0.354,-31.254]],"c":true},"ix":2},"nm":"Path 2","mn":"ADBE Vector Shape - Group","hd":false},{"ty":"gf","o":{"a":0,"k":100,"ix":10},"r":1,"g":{"p":3,"k":{"a":0,"k":[0,0.02,1,0.792,0.5,0.01,0.733,0.769,1,0,0.467,0.745],"ix":9}},"s":{"a":0,"k":[-37.546,17.444],"ix":5},"e":{"a":0,"k":[45.039,1.256],"ix":6},"t":1,"nm":"Gradient Fill 1","mn":"ADBE Vector Graphic - G-Fill","hd":false},{"ty":"tr","p":{"a":0,"k":[325.231,31.608],"ix":2},"a":{"a":0,"k":[0,0],"ix":1},"s":{"a":0,"k":[100,100],"ix":3},"r":{"a":0,"k":0,"ix":6},"o":{"a":0,"k":100,"ix":7},"sk":{"a":0,"k":0,"ix":4},"sa":{"a":0,"k":0,"ix":5},"nm":"Transform"}],"nm":"Group 2","np":2,"cix":2,"ix":2,"mn":"ADBE Vector Group","hd":false}],"ip":0,"op":240,"st":0,"bm":0},{"ddd":0,"ind":3,"ty":4,"nm":"7","parent":1,"sr":1,"ks":{"o":{"a":0,"k":100,"ix":11},"r":{"a":0,"k":270,"ix":10},"p":{"a":1,"k":[{"i":{"x":0.667,"y":1},"o":{"x":0.333,"y":0},"n":"0p667_1_0p333_0","t":0,"s":[90,0,0],"e":[0,0,0],"to":[-15,0,0],"ti":[0,0,0]},{"i":{"x":0.667,"y":1},"o":{"x":0.333,"y":0},"n":"0p667_1_0p333_0","t":120,"s":[0,0,0],"e":[90,0,0],"to":[0,0,0],"ti":[-15,0,0]},{"t":239}],"ix":2},"a":{"a":0,"k":[325,325,0],"ix":1},"s":{"a":0,"k":[112.36,112.36,100],"ix":6}},"ao":0,"shapes":[{"ty":"gr","it":[{"ind":0,"ty":"sh","ix":1,"ks":{"a":0,"k":{"i":[[0,0],[-42.081,-42.081],[0,0],[0,0],[0,0],[-41.691,41.695],[0,0],[0,0],[41.692,-41.692],[0,0],[0,0],[0,0],[42.082,42.085],[0,0]],"o":[[-42.081,42.085],[0,0],[0,0],[0,0],[-41.691,-41.692],[0,0],[0,0],[41.692,41.695],[0,0],[0,0],[0,0],[42.082,-42.081],[0,0],[0,0]],"v":[[-55.635,-76.198],[-55.635,76.194],[-0.001,131.831],[-0.001,130.418],[-54.93,75.488],[-54.93,-75.492],[-0.001,-130.417],[54.928,-75.492],[54.928,75.488],[-0.001,130.418],[-0.001,131.831],[55.634,76.194],[55.634,-76.198],[-0.001,-131.831]],"c":true},"ix":2},"nm":"Path 2","mn":"ADBE Vector Shape - Group","hd":false},{"ty":"gf","o":{"a":0,"k":100,"ix":10},"r":1,"g":{"p":3,"k":{"a":0,"k":[0,0.02,1,0.792,0.5,0.01,0.733,0.769,1,0,0.467,0.745],"ix":9}},"s":{"a":0,"k":[-93.018,-172.225],"ix":5},"e":{"a":0,"k":[99.626,103.776],"ix":6},"t":1,"nm":"Gradient Fill 1","mn":"ADBE Vector Graphic - G-Fill","hd":false},{"ty":"tr","p":{"a":0,"k":[325.232,193.633],"ix":2},"a":{"a":0,"k":[0,0],"ix":1},"s":{"a":0,"k":[100,100],"ix":3},"r":{"a":0,"k":0,"ix":6},"o":{"a":0,"k":100,"ix":7},"sk":{"a":0,"k":0,"ix":4},"sa":{"a":0,"k":0,"ix":5},"nm":"Transform"}],"nm":"Group 1","np":2,"cix":2,"ix":1,"mn":"ADBE Vector Group","hd":false},{"ty":"gr","it":[{"ind":0,"ty":"sh","ix":1,"ks":{"a":0,"k":{"i":[[0,0],[0,0],[-16.803,-17.362],[-0.176,-0.175],[0,0],[-16.408,16.785],[16.316,-16.852],[0,0],[-0.162,0.167],[17.161,17.162]],"o":[[0,0],[-17.152,17.152],[0.172,0.179],[0,0],[-16.292,-16.853],[16.416,16.793],[0,0],[0.166,-0.165],[16.835,-17.36],[0,0]],"v":[[0,-31.608],[-0.353,-31.254],[-0.876,30.96],[0,31.608],[0,30.434],[0,-30.191],[0,30.434],[0,31.608],[0.844,30.991],[0.354,-31.254]],"c":true},"ix":2},"nm":"Path 2","mn":"ADBE Vector Shape - Group","hd":false},{"ty":"gf","o":{"a":0,"k":100,"ix":10},"r":1,"g":{"p":3,"k":{"a":0,"k":[0,0.02,1,0.792,0.5,0.01,0.733,0.769,1,0,0.467,0.745],"ix":9}},"s":{"a":0,"k":[20.635,49.336],"ix":5},"e":{"a":0,"k":[-24.435,-42.263],"ix":6},"t":1,"nm":"Gradient Fill 1","mn":"ADBE Vector Graphic - G-Fill","hd":false},{"ty":"tr","p":{"a":0,"k":[325.231,31.608],"ix":2},"a":{"a":0,"k":[0,0],"ix":1},"s":{"a":0,"k":[100,100],"ix":3},"r":{"a":0,"k":0,"ix":6},"o":{"a":0,"k":100,"ix":7},"sk":{"a":0,"k":0,"ix":4},"sa":{"a":0,"k":0,"ix":5},"nm":"Transform"}],"nm":"Group 2","np":2,"cix":2,"ix":2,"mn":"ADBE Vector Group","hd":false}],"ip":0,"op":240,"st":0,"bm":0},{"ddd":0,"ind":4,"ty":4,"nm":"6","parent":1,"sr":1,"ks":{"o":{"a":0,"k":100,"ix":11},"r":{"a":0,"k":225,"ix":10},"p":{"a":1,"k":[{"i":{"x":0.667,"y":1},"o":{"x":0.333,"y":0},"n":"0p667_1_0p333_0","t":0,"s":[60,-60,0],"e":[0,0,0],"to":[-10,10,0],"ti":[0,0,0]},{"i":{"x":0.667,"y":1},"o":{"x":0.333,"y":0},"n":"0p667_1_0p333_0","t":120,"s":[0,0,0],"e":[60,-60,0],"to":[0,0,0],"ti":[-10,10,0]},{"t":239}],"ix":2},"a":{"a":0,"k":[325,325,0],"ix":1},"s":{"a":0,"k":[112.36,112.36,100],"ix":6}},"ao":0,"shapes":[{"ty":"gr","it":[{"ind":0,"ty":"sh","ix":1,"ks":{"a":0,"k":{"i":[[0,0],[-42.081,-42.081],[0,0],[0,0],[0,0],[-41.691,41.695],[0,0],[0,0],[41.692,-41.692],[0,0],[0,0],[0,0],[42.082,42.085],[0,0]],"o":[[-42.081,42.085],[0,0],[0,0],[0,0],[-41.691,-41.692],[0,0],[0,0],[41.692,41.695],[0,0],[0,0],[0,0],[42.082,-42.081],[0,0],[0,0]],"v":[[-55.635,-76.198],[-55.635,76.194],[-0.001,131.831],[-0.001,130.418],[-54.93,75.488],[-54.93,-75.492],[-0.001,-130.417],[54.928,-75.492],[54.928,75.488],[-0.001,130.418],[-0.001,131.831],[55.634,76.194],[55.634,-76.198],[-0.001,-131.831]],"c":true},"ix":2},"nm":"Path 2","mn":"ADBE Vector Shape - Group","hd":false},{"ty":"gf","o":{"a":0,"k":100,"ix":10},"r":1,"g":{"p":3,"k":{"a":0,"k":[0,0.02,1,0.792,0.5,0.01,0.733,0.769,1,0,0.467,0.745],"ix":9}},"s":{"a":0,"k":[-7.924,132.194],"ix":5},"e":{"a":0,"k":[1.218,-131.428],"ix":6},"t":1,"nm":"Gradient Fill 1","mn":"ADBE Vector Graphic - G-Fill","hd":false},{"ty":"tr","p":{"a":0,"k":[325.232,193.633],"ix":2},"a":{"a":0,"k":[0,0],"ix":1},"s":{"a":0,"k":[100,100],"ix":3},"r":{"a":0,"k":0,"ix":6},"o":{"a":0,"k":100,"ix":7},"sk":{"a":0,"k":0,"ix":4},"sa":{"a":0,"k":0,"ix":5},"nm":"Transform"}],"nm":"Group 1","np":2,"cix":2,"ix":1,"mn":"ADBE Vector Group","hd":false},{"ty":"gr","it":[{"ind":0,"ty":"sh","ix":1,"ks":{"a":0,"k":{"i":[[0,0],[0,0],[-16.803,-17.362],[-0.176,-0.175],[0,0],[-16.408,16.785],[16.316,-16.852],[0,0],[-0.162,0.167],[17.161,17.162]],"o":[[0,0],[-17.152,17.152],[0.172,0.179],[0,0],[-16.292,-16.853],[16.416,16.793],[0,0],[0.166,-0.165],[16.835,-17.36],[0,0]],"v":[[0,-31.608],[-0.353,-31.254],[-0.876,30.96],[0,31.608],[0,30.434],[0,-30.191],[0,30.434],[0,31.608],[0.844,30.991],[0.354,-31.254]],"c":true},"ix":2},"nm":"Path 2","mn":"ADBE Vector Shape - Group","hd":false},{"ty":"gf","o":{"a":0,"k":100,"ix":10},"r":1,"g":{"p":3,"k":{"a":0,"k":[0,0.02,1,0.792,0.5,0.01,0.733,0.769,1,0,0.467,0.745],"ix":9}},"s":{"a":0,"k":[-3.71,49.933],"ix":5},"e":{"a":0,"k":[8.783,-47.54],"ix":6},"t":1,"nm":"Gradient Fill 1","mn":"ADBE Vector Graphic - G-Fill","hd":false},{"ty":"tr","p":{"a":0,"k":[325.231,31.608],"ix":2},"a":{"a":0,"k":[0,0],"ix":1},"s":{"a":0,"k":[100,100],"ix":3},"r":{"a":0,"k":0,"ix":6},"o":{"a":0,"k":100,"ix":7},"sk":{"a":0,"k":0,"ix":4},"sa":{"a":0,"k":0,"ix":5},"nm":"Transform"}],"nm":"Group 2","np":2,"cix":2,"ix":2,"mn":"ADBE Vector Group","hd":false}],"ip":0,"op":240,"st":0,"bm":0},{"ddd":0,"ind":5,"ty":4,"nm":"5","parent":1,"sr":1,"ks":{"o":{"a":0,"k":100,"ix":11},"r":{"a":0,"k":180,"ix":10},"p":{"a":1,"k":[{"i":{"x":0.667,"y":1},"o":{"x":0.333,"y":0},"n":"0p667_1_0p333_0","t":0,"s":[0,-90,0],"e":[0,0,0],"to":[0,15,0],"ti":[0,0,0]},{"i":{"x":0.667,"y":1},"o":{"x":0.333,"y":0},"n":"0p667_1_0p333_0","t":120,"s":[0,0,0],"e":[0,-90,0],"to":[0,0,0],"ti":[0,15,0]},{"t":239}],"ix":2},"a":{"a":0,"k":[325,325,0],"ix":1},"s":{"a":0,"k":[112.36,112.36,100],"ix":6}},"ao":0,"shapes":[{"ty":"gr","it":[{"ind":0,"ty":"sh","ix":1,"ks":{"a":0,"k":{"i":[[0,0],[-42.081,-42.081],[0,0],[0,0],[0,0],[-41.691,41.695],[0,0],[0,0],[41.692,-41.692],[0,0],[0,0],[0,0],[42.082,42.085],[0,0]],"o":[[-42.081,42.085],[0,0],[0,0],[0,0],[-41.691,-41.692],[0,0],[0,0],[41.692,41.695],[0,0],[0,0],[0,0],[42.082,-42.081],[0,0],[0,0]],"v":[[-55.635,-76.198],[-55.635,76.194],[-0.001,131.831],[-0.001,130.418],[-54.93,75.488],[-54.93,-75.492],[-0.001,-130.417],[54.928,-75.492],[54.928,75.488],[-0.001,130.418],[-0.001,131.831],[55.634,76.194],[55.634,-76.198],[-0.001,-131.831]],"c":true},"ix":2},"nm":"Path 2","mn":"ADBE Vector Shape - Group","hd":false},{"ty":"gf","o":{"a":0,"k":100,"ix":10},"r":1,"g":{"p":3,"k":{"a":0,"k":[0,0.02,1,0.792,0.5,0.01,0.733,0.769,1,0,0.467,0.745],"ix":9}},"s":{"a":0,"k":[-87.549,129.931],"ix":5},"e":{"a":0,"k":[87.884,-131.177],"ix":6},"t":1,"nm":"Gradient Fill 1","mn":"ADBE Vector Graphic - G-Fill","hd":false},{"ty":"tr","p":{"a":0,"k":[325.232,193.633],"ix":2},"a":{"a":0,"k":[0,0],"ix":1},"s":{"a":0,"k":[100,100],"ix":3},"r":{"a":0,"k":0,"ix":6},"o":{"a":0,"k":100,"ix":7},"sk":{"a":0,"k":0,"ix":4},"sa":{"a":0,"k":0,"ix":5},"nm":"Transform"}],"nm":"Group 1","np":2,"cix":2,"ix":1,"mn":"ADBE Vector Group","hd":false},{"ty":"gr","it":[{"ind":0,"ty":"sh","ix":1,"ks":{"a":0,"k":{"i":[[0,0],[0,0],[-16.803,-17.362],[-0.176,-0.175],[0,0],[-16.408,16.785],[16.316,-16.852],[0,0],[-0.162,0.167],[17.161,17.162]],"o":[[0,0],[-17.152,17.152],[0.172,0.179],[0,0],[-16.292,-16.853],[16.416,16.793],[0,0],[0.166,-0.165],[16.835,-17.36],[0,0]],"v":[[0,-31.608],[-0.353,-31.254],[-0.876,30.96],[0,31.608],[0,30.434],[0,-30.191],[0,30.434],[0,31.608],[0.844,30.991],[0.354,-31.254]],"c":true},"ix":2},"nm":"Path 2","mn":"ADBE Vector Shape - Group","hd":false},{"ty":"gf","o":{"a":0,"k":100,"ix":10},"r":1,"g":{"p":3,"k":{"a":0,"k":[0,0.02,1,0.792,0.5,0.01,0.733,0.769,1,0,0.467,0.745],"ix":9}},"s":{"a":0,"k":[-12.463,49.957],"ix":5},"e":{"a":0,"k":[15.229,-51.947],"ix":6},"t":1,"nm":"Gradient Fill 1","mn":"ADBE Vector Graphic - G-Fill","hd":false},{"ty":"tr","p":{"a":0,"k":[325.231,31.608],"ix":2},"a":{"a":0,"k":[0,0],"ix":1},"s":{"a":0,"k":[100,100],"ix":3},"r":{"a":0,"k":0,"ix":6},"o":{"a":0,"k":100,"ix":7},"sk":{"a":0,"k":0,"ix":4},"sa":{"a":0,"k":0,"ix":5},"nm":"Transform"}],"nm":"Group 2","np":2,"cix":2,"ix":2,"mn":"ADBE Vector Group","hd":false}],"ip":0,"op":240,"st":0,"bm":0},{"ddd":0,"ind":6,"ty":4,"nm":"4","parent":1,"sr":1,"ks":{"o":{"a":0,"k":100,"ix":11},"r":{"a":0,"k":135,"ix":10},"p":{"a":1,"k":[{"i":{"x":0.667,"y":1},"o":{"x":0.333,"y":0},"n":"0p667_1_0p333_0","t":0,"s":[-60,-60,0],"e":[0,0,0],"to":[10,10,0],"ti":[0,0,0]},{"i":{"x":0.667,"y":1},"o":{"x":0.333,"y":0},"n":"0p667_1_0p333_0","t":120,"s":[0,0,0],"e":[-60,-60,0],"to":[0,0,0],"ti":[10,10,0]},{"t":239}],"ix":2},"a":{"a":0,"k":[325,325,0],"ix":1},"s":{"a":0,"k":[112.36,112.36,100],"ix":6}},"ao":0,"shapes":[{"ty":"gr","it":[{"ind":0,"ty":"sh","ix":1,"ks":{"a":0,"k":{"i":[[0,0],[-42.081,-42.081],[0,0],[0,0],[0,0],[-41.691,41.695],[0,0],[0,0],[41.692,-41.692],[0,0],[0,0],[0,0],[42.082,42.085],[0,0]],"o":[[-42.081,42.085],[0,0],[0,0],[0,0],[-41.691,-41.692],[0,0],[0,0],[41.692,41.695],[0,0],[0,0],[0,0],[42.082,-42.081],[0,0],[0,0]],"v":[[-55.635,-76.198],[-55.635,76.194],[-0.001,131.831],[-0.001,130.418],[-54.93,75.488],[-54.93,-75.492],[-0.001,-130.417],[54.928,-75.492],[54.928,75.488],[-0.001,130.418],[-0.001,131.831],[55.634,76.194],[55.634,-76.198],[-0.001,-131.831]],"c":true},"ix":2},"nm":"Path 2","mn":"ADBE Vector Shape - Group","hd":false},{"ty":"gf","o":{"a":0,"k":100,"ix":10},"r":1,"g":{"p":3,"k":{"a":0,"k":[0,0.02,1,0.792,0.5,0.01,0.733,0.769,1,0,0.467,0.745],"ix":9}},"s":{"a":0,"k":[-142.901,-40.326],"ix":5},"e":{"a":0,"k":[153.519,-29.746],"ix":6},"t":1,"nm":"Gradient Fill 1","mn":"ADBE Vector Graphic - G-Fill","hd":false},{"ty":"tr","p":{"a":0,"k":[325.232,193.633],"ix":2},"a":{"a":0,"k":[0,0],"ix":1},"s":{"a":0,"k":[100,100],"ix":3},"r":{"a":0,"k":0,"ix":6},"o":{"a":0,"k":100,"ix":7},"sk":{"a":0,"k":0,"ix":4},"sa":{"a":0,"k":0,"ix":5},"nm":"Transform"}],"nm":"Group 1","np":2,"cix":2,"ix":1,"mn":"ADBE Vector Group","hd":false},{"ty":"gr","it":[{"ind":0,"ty":"sh","ix":1,"ks":{"a":0,"k":{"i":[[0,0],[0,0],[-16.803,-17.362],[-0.176,-0.175],[0,0],[-16.408,16.785],[16.316,-16.852],[0,0],[-0.162,0.167],[17.161,17.162]],"o":[[0,0],[-17.152,17.152],[0.172,0.179],[0,0],[-16.292,-16.853],[16.416,16.793],[0,0],[0.166,-0.165],[16.835,-17.36],[0,0]],"v":[[0,-31.608],[-0.353,-31.254],[-0.876,30.96],[0,31.608],[0,30.434],[0,-30.191],[0,30.434],[0,31.608],[0.844,30.991],[0.354,-31.254]],"c":true},"ix":2},"nm":"Path 2","mn":"ADBE Vector Shape - Group","hd":false},{"ty":"gf","o":{"a":0,"k":100,"ix":10},"r":1,"g":{"p":3,"k":{"a":0,"k":[0,0.02,1,0.792,0.5,0.01,0.733,0.769,1,0,0.467,0.745],"ix":9}},"s":{"a":0,"k":[-37.248,7.108],"ix":5},"e":{"a":0,"k":[37.818,6.499],"ix":6},"t":1,"nm":"Gradient Fill 1","mn":"ADBE Vector Graphic - G-Fill","hd":false},{"ty":"tr","p":{"a":0,"k":[325.231,31.608],"ix":2},"a":{"a":0,"k":[0,0],"ix":1},"s":{"a":0,"k":[100,100],"ix":3},"r":{"a":0,"k":0,"ix":6},"o":{"a":0,"k":100,"ix":7},"sk":{"a":0,"k":0,"ix":4},"sa":{"a":0,"k":0,"ix":5},"nm":"Transform"}],"nm":"Group 2","np":2,"cix":2,"ix":2,"mn":"ADBE Vector Group","hd":false}],"ip":0,"op":240,"st":0,"bm":0},{"ddd":0,"ind":7,"ty":4,"nm":"3","parent":1,"sr":1,"ks":{"o":{"a":0,"k":100,"ix":11},"r":{"a":0,"k":90,"ix":10},"p":{"a":1,"k":[{"i":{"x":0.667,"y":1},"o":{"x":0.333,"y":0},"n":"0p667_1_0p333_0","t":0,"s":[-90,0,0],"e":[0,0,0],"to":[15,0,0],"ti":[0,0,0]},{"i":{"x":0.667,"y":1},"o":{"x":0.333,"y":0},"n":"0p667_1_0p333_0","t":120,"s":[0,0,0],"e":[-90,0,0],"to":[0,0,0],"ti":[15,0,0]},{"t":239}],"ix":2},"a":{"a":0,"k":[325,325,0],"ix":1},"s":{"a":0,"k":[112.36,112.36,100],"ix":6}},"ao":0,"shapes":[{"ty":"gr","it":[{"ind":0,"ty":"sh","ix":1,"ks":{"a":0,"k":{"i":[[0,0],[-42.081,-42.081],[0,0],[0,0],[0,0],[-41.691,41.695],[0,0],[0,0],[41.692,-41.692],[0,0],[0,0],[0,0],[42.082,42.085],[0,0]],"o":[[-42.081,42.085],[0,0],[0,0],[0,0],[-41.691,-41.692],[0,0],[0,0],[41.692,41.695],[0,0],[0,0],[0,0],[42.082,-42.081],[0,0],[0,0]],"v":[[-55.635,-76.198],[-55.635,76.194],[-0.001,131.831],[-0.001,130.418],[-54.93,75.488],[-54.93,-75.492],[-0.001,-130.417],[54.928,-75.492],[54.928,75.488],[-0.001,130.418],[-0.001,131.831],[55.634,76.194],[55.634,-76.198],[-0.001,-131.831]],"c":true},"ix":2},"nm":"Path 2","mn":"ADBE Vector Shape - Group","hd":false},{"ty":"gf","o":{"a":0,"k":100,"ix":10},"r":1,"g":{"p":3,"k":{"a":0,"k":[0,0.02,1,0.792,0.5,0.01,0.733,0.769,1,0,0.467,0.745],"ix":9}},"s":{"a":0,"k":[-89.381,-135.733],"ix":5},"e":{"a":0,"k":[82.196,133.163],"ix":6},"t":1,"nm":"Gradient Fill 1","mn":"ADBE Vector Graphic - G-Fill","hd":false},{"ty":"tr","p":{"a":0,"k":[325.232,193.633],"ix":2},"a":{"a":0,"k":[0,0],"ix":1},"s":{"a":0,"k":[100,100],"ix":3},"r":{"a":0,"k":0,"ix":6},"o":{"a":0,"k":100,"ix":7},"sk":{"a":0,"k":0,"ix":4},"sa":{"a":0,"k":0,"ix":5},"nm":"Transform"}],"nm":"Group 1","np":2,"cix":2,"ix":1,"mn":"ADBE Vector Group","hd":false},{"ty":"gr","it":[{"ind":0,"ty":"sh","ix":1,"ks":{"a":0,"k":{"i":[[0,0],[0,0],[-16.803,-17.362],[-0.176,-0.175],[0,0],[-16.408,16.785],[16.316,-16.852],[0,0],[-0.162,0.167],[17.161,17.162]],"o":[[0,0],[-17.152,17.152],[0.172,0.179],[0,0],[-16.292,-16.853],[16.416,16.793],[0,0],[0.166,-0.165],[16.835,-17.36],[0,0]],"v":[[0,-31.608],[-0.353,-31.254],[-0.876,30.96],[0,31.608],[0,30.434],[0,-30.191],[0,30.434],[0,31.608],[0.844,30.991],[0.354,-31.254]],"c":true},"ix":2},"nm":"Path 2","mn":"ADBE Vector Shape - Group","hd":false},{"ty":"gf","o":{"a":0,"k":100,"ix":10},"r":1,"g":{"p":3,"k":{"a":0,"k":[0,0.02,1,0.792,0.5,0.01,0.733,0.769,1,0,0.467,0.745],"ix":9}},"s":{"a":0,"k":[-18.506,-39.344],"ix":5},"e":{"a":0,"k":[20.827,44.159],"ix":6},"t":1,"nm":"Gradient Fill 1","mn":"ADBE Vector Graphic - G-Fill","hd":false},{"ty":"tr","p":{"a":0,"k":[325.231,31.608],"ix":2},"a":{"a":0,"k":[0,0],"ix":1},"s":{"a":0,"k":[100,100],"ix":3},"r":{"a":0,"k":0,"ix":6},"o":{"a":0,"k":100,"ix":7},"sk":{"a":0,"k":0,"ix":4},"sa":{"a":0,"k":0,"ix":5},"nm":"Transform"}],"nm":"Group 2","np":2,"cix":2,"ix":2,"mn":"ADBE Vector Group","hd":false}],"ip":0,"op":240,"st":0,"bm":0},{"ddd":0,"ind":8,"ty":4,"nm":"2","parent":1,"sr":1,"ks":{"o":{"a":0,"k":100,"ix":11},"r":{"a":0,"k":45,"ix":10},"p":{"a":1,"k":[{"i":{"x":0.667,"y":1},"o":{"x":0.333,"y":0},"n":"0p667_1_0p333_0","t":0,"s":[-60,60,0],"e":[0,0,0],"to":[10,-10,0],"ti":[0,0,0]},{"i":{"x":0.667,"y":1},"o":{"x":0.333,"y":0},"n":"0p667_1_0p333_0","t":120,"s":[0,0,0],"e":[-60,60,0],"to":[0,0,0],"ti":[10,-10,0]},{"t":239}],"ix":2},"a":{"a":0,"k":[325,325,0],"ix":1},"s":{"a":0,"k":[112.36,112.36,100],"ix":6}},"ao":0,"shapes":[{"ty":"gr","it":[{"ind":0,"ty":"sh","ix":1,"ks":{"a":0,"k":{"i":[[0,0],[-42.081,-42.081],[0,0],[0,0],[0,0],[-41.691,41.695],[0,0],[0,0],[41.692,-41.692],[0,0],[0,0],[0,0],[42.082,42.085],[0,0]],"o":[[-42.081,42.085],[0,0],[0,0],[0,0],[-41.691,-41.692],[0,0],[0,0],[41.692,41.695],[0,0],[0,0],[0,0],[42.082,-42.081],[0,0],[0,0]],"v":[[-55.635,-76.198],[-55.635,76.194],[-0.001,131.831],[-0.001,130.418],[-54.93,75.488],[-54.93,-75.492],[-0.001,-130.417],[54.928,-75.492],[54.928,75.488],[-0.001,130.418],[-0.001,131.831],[55.634,76.194],[55.634,-76.198],[-0.001,-131.831]],"c":true},"ix":2},"nm":"Path 2","mn":"ADBE Vector Shape - Group","hd":false},{"ty":"gf","o":{"a":0,"k":100,"ix":10},"r":1,"g":{"p":3,"k":{"a":0,"k":[0,0.02,1,0.792,0.5,0.01,0.733,0.769,1,0,0.467,0.745],"ix":9}},"s":{"a":0,"k":[0.399,-130.554],"ix":5},"e":{"a":0,"k":[1.058,130.362],"ix":6},"t":1,"nm":"Gradient Fill 1","mn":"ADBE Vector Graphic - G-Fill","hd":false},{"ty":"tr","p":{"a":0,"k":[325.232,193.633],"ix":2},"a":{"a":0,"k":[0,0],"ix":1},"s":{"a":0,"k":[100,100],"ix":3},"r":{"a":0,"k":0,"ix":6},"o":{"a":0,"k":100,"ix":7},"sk":{"a":0,"k":0,"ix":4},"sa":{"a":0,"k":0,"ix":5},"nm":"Transform"}],"nm":"Group 1","np":2,"cix":2,"ix":1,"mn":"ADBE Vector Group","hd":false},{"ty":"gr","it":[{"ind":0,"ty":"sh","ix":1,"ks":{"a":0,"k":{"i":[[0,0],[0,0],[-16.803,-17.362],[-0.176,-0.175],[0,0],[-16.408,16.785],[16.316,-16.852],[0,0],[-0.162,0.167],[17.161,17.162]],"o":[[0,0],[-17.152,17.152],[0.172,0.179],[0,0],[-16.292,-16.853],[16.416,16.793],[0,0],[0.166,-0.165],[16.835,-17.36],[0,0]],"v":[[0,-31.608],[-0.353,-31.254],[-0.876,30.96],[0,31.608],[0,30.434],[0,-30.191],[0,30.434],[0,31.608],[0.844,30.991],[0.354,-31.254]],"c":true},"ix":2},"nm":"Path 2","mn":"ADBE Vector Shape - Group","hd":false},{"ty":"gf","o":{"a":0,"k":100,"ix":10},"r":1,"g":{"p":3,"k":{"a":0,"k":[0,0.02,1,0.792,0.5,0.01,0.733,0.769,1,0,0.467,0.745],"ix":9}},"s":{"a":0,"k":[13.424,-31.984],"ix":5},"e":{"a":0,"k":[13.514,60.882],"ix":6},"t":1,"nm":"Gradient Fill 1","mn":"ADBE Vector Graphic - G-Fill","hd":false},{"ty":"tr","p":{"a":0,"k":[325.231,31.608],"ix":2},"a":{"a":0,"k":[0,0],"ix":1},"s":{"a":0,"k":[100,100],"ix":3},"r":{"a":0,"k":0,"ix":6},"o":{"a":0,"k":100,"ix":7},"sk":{"a":0,"k":0,"ix":4},"sa":{"a":0,"k":0,"ix":5},"nm":"Transform"}],"nm":"Group 2","np":2,"cix":2,"ix":2,"mn":"ADBE Vector Group","hd":false}],"ip":0,"op":240,"st":0,"bm":0},{"ddd":0,"ind":9,"ty":4,"nm":"1","parent":1,"sr":1,"ks":{"o":{"a":0,"k":100,"ix":11},"r":{"a":0,"k":0,"ix":10},"p":{"a":1,"k":[{"i":{"x":0.667,"y":1},"o":{"x":0.333,"y":0},"n":"0p667_1_0p333_0","t":0,"s":[0,90,0],"e":[0,0,0],"to":[0,-15,0],"ti":[0,0,0]},{"i":{"x":0.667,"y":1},"o":{"x":0.333,"y":0},"n":"0p667_1_0p333_0","t":120,"s":[0,0,0],"e":[0,90,0],"to":[0,0,0],"ti":[0,-15,0]},{"t":239}],"ix":2},"a":{"a":0,"k":[325,325,0],"ix":1},"s":{"a":0,"k":[112.36,112.36,100],"ix":6}},"ao":0,"shapes":[{"ty":"gr","it":[{"ind":0,"ty":"sh","ix":1,"ks":{"a":0,"k":{"i":[[0,0],[-42.081,-42.081],[0,0],[0,0],[0,0],[-41.691,41.695],[0,0],[0,0],[41.692,-41.692],[0,0],[0,0],[0,0],[42.082,42.085],[0,0]],"o":[[-42.081,42.085],[0,0],[0,0],[0,0],[-41.691,-41.692],[0,0],[0,0],[41.692,41.695],[0,0],[0,0],[0,0],[42.082,-42.081],[0,0],[0,0]],"v":[[-55.635,-76.198],[-55.635,76.194],[-0.001,131.831],[-0.001,130.418],[-54.93,75.488],[-54.93,-75.492],[-0.001,-130.417],[54.928,-75.492],[54.928,75.488],[-0.001,130.418],[-0.001,131.831],[55.634,76.194],[55.634,-76.198],[-0.001,-131.831]],"c":true},"ix":2},"nm":"Path 2","mn":"ADBE Vector Shape - Group","hd":false},{"ty":"gf","o":{"a":0,"k":100,"ix":10},"r":1,"g":{"p":3,"k":{"a":0,"k":[0,0.02,1,0.792,0.5,0.01,0.733,0.769,1,0,0.467,0.745],"ix":9}},"s":{"a":0,"k":[91.916,-134.162],"ix":5},"e":{"a":0,"k":[-83.304,129.385],"ix":6},"t":1,"nm":"Gradient Fill 1","mn":"ADBE Vector Graphic - G-Fill","hd":false},{"ty":"tr","p":{"a":0,"k":[325.232,193.633],"ix":2},"a":{"a":0,"k":[0,0],"ix":1},"s":{"a":0,"k":[100,100],"ix":3},"r":{"a":0,"k":0,"ix":6},"o":{"a":0,"k":100,"ix":7},"sk":{"a":0,"k":0,"ix":4},"sa":{"a":0,"k":0,"ix":5},"nm":"Transform"}],"nm":"Group 1","np":2,"cix":2,"ix":1,"mn":"ADBE Vector Group","hd":false},{"ty":"gr","it":[{"ind":0,"ty":"sh","ix":1,"ks":{"a":0,"k":{"i":[[0,0],[0,0],[-16.803,-17.362],[-0.176,-0.175],[0,0],[-16.408,16.785],[16.316,-16.852],[0,0],[-0.162,0.167],[17.161,17.162]],"o":[[0,0],[-17.152,17.152],[0.172,0.179],[0,0],[-16.292,-16.853],[16.416,16.793],[0,0],[0.166,-0.165],[16.835,-17.36],[0,0]],"v":[[0,-31.608],[-0.353,-31.254],[-0.876,30.96],[0,31.608],[0,30.434],[0,-30.191],[0,30.434],[0,31.608],[0.844,30.991],[0.354,-31.254]],"c":true},"ix":2},"nm":"Path 2","mn":"ADBE Vector Shape - Group","hd":false},{"ty":"gf","o":{"a":0,"k":100,"ix":10},"r":1,"g":{"p":3,"k":{"a":0,"k":[0,0.02,1,0.792,0.5,0.01,0.733,0.769,1,0,0.467,0.745],"ix":9}},"s":{"a":0,"k":[13.131,-31.664],"ix":5},"e":{"a":0,"k":[-23.942,59.616],"ix":6},"t":1,"nm":"Gradient Fill 1","mn":"ADBE Vector Graphic - G-Fill","hd":false},{"ty":"tr","p":{"a":0,"k":[325.231,31.608],"ix":2},"a":{"a":0,"k":[0,0],"ix":1},"s":{"a":0,"k":[100,100],"ix":3},"r":{"a":0,"k":0,"ix":6},"o":{"a":0,"k":100,"ix":7},"sk":{"a":0,"k":0,"ix":4},"sa":{"a":0,"k":0,"ix":5},"nm":"Transform"}],"nm":"Group 2","np":2,"cix":2,"ix":2,"mn":"ADBE Vector Group","hd":false}],"ip":0,"op":240,"st":0,"bm":0}],"markers":[]}