{"v":"5.3.4","fr":30,"ip":0,"op":240,"w":650,"h":650,"nm":"Flower_lottie_6","ddd":0,"assets":[],"layers":[{"ddd":0,"ind":1,"ty":3,"nm":"Null 4","sr":1,"ks":{"o":{"a":0,"k":0,"ix":11},"r":{"a":1,"k":[{"i":{"x":[0.667],"y":[1]},"o":{"x":[0.333],"y":[0]},"n":["0p667_1_0p333_0"],"t":0,"s":[0],"e":[90]},{"i":{"x":[0.667],"y":[1]},"o":{"x":[0.333],"y":[0]},"n":["0p667_1_0p333_0"],"t":120,"s":[90],"e":[0]},{"t":239}],"ix":10},"p":{"a":0,"k":[325,325,0],"ix":2},"a":{"a":0,"k":[0,0,0],"ix":1},"s":{"a":0,"k":[95,95,100],"ix":6}},"ao":0,"ip":0,"op":240,"st":0,"bm":0},{"ddd":0,"ind":2,"ty":4,"nm":"8","parent":1,"sr":1,"ks":{"o":{"a":0,"k":100,"ix":11},"r":{"a":0,"k":315,"ix":10},"p":{"a":1,"k":[{"i":{"x":0.667,"y":1},"o":{"x":0.333,"y":0},"n":"0p667_1_0p333_0","t":0,"s":[60,60,0],"e":[0,0,0],"to":[-10,-10,0],"ti":[0,0,0]},{"i":{"x":0.667,"y":1},"o":{"x":0.333,"y":0},"n":"0p667_1_0p333_0","t":120,"s":[0,0,0],"e":[60,60,0],"to":[0,0,0],"ti":[-10,-10,0]},{"t":239}],"ix":2},"a":{"a":0,"k":[325,325,0],"ix":1},"s":{"a":0,"k":[105.263,105.263,100],"ix":6}},"ao":0,"shapes":[{"ty":"gr","it":[{"ind":0,"ty":"sh","ix":1,"ks":{"a":0,"k":{"i":[[26.371,-26.37],[-52.741,-52.741],[0,0],[0,0],[0,0],[-52.297,52.298],[-52.297,-52.297],[52.298,-52.297],[0,0],[0,0],[0,0],[52.74,52.741],[34.563,0]],"o":[[-52.741,52.741],[0,0],[0,0],[0,0],[-52.297,-52.297],[52.298,-52.297],[52.298,52.298],[0,0],[0,0],[0,0],[52.74,-52.741],[-26.37,-26.37],[-34.563,0]],"v":[[-95.495,-117.504],[-95.495,73.488],[0.001,169],[0.001,167.406],[-94.693,72.685],[-94.693,-116.702],[94.694,-116.702],[94.694,72.685],[0.001,167.406],[0.001,169],[95.497,73.488],[95.497,-117.504],[0.001,-157.06]],"c":true},"ix":2},"nm":"Path 2","mn":"ADBE Vector Shape - Group","hd":false},{"ty":"gf","o":{"a":0,"k":100,"ix":10},"r":1,"g":{"p":7,"k":{"a":0,"k":[0,0.349,0.878,1,0.151,0.675,0.939,1,0.302,1,1,1,0.516,1,0.818,0.9,0.729,1,0.635,0.8,0.864,0.894,0.569,0.878,0.999,0.788,0.502,0.957],"ix":9}},"s":{"a":0,"k":[98.116,-145.094],"ix":5},"e":{"a":0,"k":[-97.903,46.504],"ix":6},"t":1,"nm":"Gradient Fill 1","mn":"ADBE Vector Graphic - G-Fill","hd":false},{"ty":"tr","p":{"a":0,"k":[324.758,157.094],"ix":2},"a":{"a":0,"k":[0,0],"ix":1},"s":{"a":0,"k":[100,100],"ix":3},"r":{"a":0,"k":0,"ix":6},"o":{"a":0,"k":100,"ix":7},"sk":{"a":0,"k":0,"ix":4},"sa":{"a":0,"k":0,"ix":5},"nm":"Transform"}],"nm":"Group 1","np":2,"cix":2,"ix":1,"mn":"ADBE Vector Group","hd":false}],"ip":0,"op":240,"st":0,"bm":0},{"ddd":0,"ind":3,"ty":4,"nm":"7","parent":1,"sr":1,"ks":{"o":{"a":0,"k":100,"ix":11},"r":{"a":0,"k":270,"ix":10},"p":{"a":1,"k":[{"i":{"x":0.667,"y":1},"o":{"x":0.333,"y":0},"n":"0p667_1_0p333_0","t":0,"s":[90,0,0],"e":[0,0,0],"to":[-15,0,0],"ti":[0,0,0]},{"i":{"x":0.667,"y":1},"o":{"x":0.333,"y":0},"n":"0p667_1_0p333_0","t":120,"s":[0,0,0],"e":[90,0,0],"to":[0,0,0],"ti":[-15,0,0]},{"t":239}],"ix":2},"a":{"a":0,"k":[325,325,0],"ix":1},"s":{"a":0,"k":[105.263,105.263,100],"ix":6}},"ao":0,"shapes":[{"ty":"gr","it":[{"ind":0,"ty":"sh","ix":1,"ks":{"a":0,"k":{"i":[[26.371,-26.37],[-52.741,-52.741],[0,0],[0,0],[0,0],[-52.297,52.298],[-52.297,-52.297],[52.298,-52.297],[0,0],[0,0],[0,0],[52.74,52.741],[34.563,0]],"o":[[-52.741,52.741],[0,0],[0,0],[0,0],[-52.297,-52.297],[52.298,-52.297],[52.298,52.298],[0,0],[0,0],[0,0],[52.74,-52.741],[-26.37,-26.37],[-34.563,0]],"v":[[-95.495,-117.504],[-95.495,73.488],[0.001,169],[0.001,167.406],[-94.693,72.685],[-94.693,-116.702],[94.694,-116.702],[94.694,72.685],[0.001,167.406],[0.001,169],[95.497,73.488],[95.497,-117.504],[0.001,-157.06]],"c":true},"ix":2},"nm":"Path 2","mn":"ADBE Vector Shape - Group","hd":false},{"ty":"gf","o":{"a":0,"k":100,"ix":10},"r":1,"g":{"p":7,"k":{"a":0,"k":[0,0.349,0.878,1,0.151,0.675,0.939,1,0.302,1,1,1,0.516,1,0.818,0.9,0.729,1,0.635,0.8,0.864,0.894,0.569,0.878,0.999,0.788,0.502,0.957],"ix":9}},"s":{"a":0,"k":[132.924,-49.229],"ix":5},"e":{"a":0,"k":[-137.237,-47.9],"ix":6},"t":1,"nm":"Gradient Fill 1","mn":"ADBE Vector Graphic - G-Fill","hd":false},{"ty":"tr","p":{"a":0,"k":[324.758,157.094],"ix":2},"a":{"a":0,"k":[0,0],"ix":1},"s":{"a":0,"k":[100,100],"ix":3},"r":{"a":0,"k":0,"ix":6},"o":{"a":0,"k":100,"ix":7},"sk":{"a":0,"k":0,"ix":4},"sa":{"a":0,"k":0,"ix":5},"nm":"Transform"}],"nm":"Group 1","np":2,"cix":2,"ix":1,"mn":"ADBE Vector Group","hd":false}],"ip":0,"op":240,"st":0,"bm":0},{"ddd":0,"ind":4,"ty":4,"nm":"6","parent":1,"sr":1,"ks":{"o":{"a":0,"k":100,"ix":11},"r":{"a":0,"k":225,"ix":10},"p":{"a":1,"k":[{"i":{"x":0.667,"y":1},"o":{"x":0.333,"y":0},"n":"0p667_1_0p333_0","t":0,"s":[60,-60,0],"e":[0,0,0],"to":[-10,10,0],"ti":[0,0,0]},{"i":{"x":0.667,"y":1},"o":{"x":0.333,"y":0},"n":"0p667_1_0p333_0","t":120,"s":[0,0,0],"e":[60,-60,0],"to":[0,0,0],"ti":[-10,10,0]},{"t":239}],"ix":2},"a":{"a":0,"k":[325,325,0],"ix":1},"s":{"a":0,"k":[105.263,105.263,100],"ix":6}},"ao":0,"shapes":[{"ty":"gr","it":[{"ind":0,"ty":"sh","ix":1,"ks":{"a":0,"k":{"i":[[26.371,-26.37],[-52.741,-52.741],[0,0],[0,0],[0,0],[-52.297,52.298],[-52.297,-52.297],[52.298,-52.297],[0,0],[0,0],[0,0],[52.74,52.741],[34.563,0]],"o":[[-52.741,52.741],[0,0],[0,0],[0,0],[-52.297,-52.297],[52.298,-52.297],[52.298,52.298],[0,0],[0,0],[0,0],[52.74,-52.741],[-26.37,-26.37],[-34.563,0]],"v":[[-95.495,-117.504],[-95.495,73.488],[0.001,169],[0.001,167.406],[-94.693,72.685],[-94.693,-116.702],[94.694,-116.702],[94.694,72.685],[0.001,167.406],[0.001,169],[95.497,73.488],[95.497,-117.504],[0.001,-157.06]],"c":true},"ix":2},"nm":"Path 2","mn":"ADBE Vector Shape - Group","hd":false},{"ty":"gf","o":{"a":0,"k":100,"ix":10},"r":1,"g":{"p":7,"k":{"a":0,"k":[0,0.349,0.878,1,0.151,0.675,0.939,1,0.302,1,1,1,0.516,1,0.818,0.9,0.729,1,0.635,0.8,0.864,0.894,0.569,0.878,0.999,0.788,0.502,0.957],"ix":9}},"s":{"a":0,"k":[85.981,47.496],"ix":5},"e":{"a":0,"k":[-104.405,-142.304],"ix":6},"t":1,"nm":"Gradient Fill 1","mn":"ADBE Vector Graphic - G-Fill","hd":false},{"ty":"tr","p":{"a":0,"k":[324.758,157.094],"ix":2},"a":{"a":0,"k":[0,0],"ix":1},"s":{"a":0,"k":[100,100],"ix":3},"r":{"a":0,"k":0,"ix":6},"o":{"a":0,"k":100,"ix":7},"sk":{"a":0,"k":0,"ix":4},"sa":{"a":0,"k":0,"ix":5},"nm":"Transform"}],"nm":"Group 1","np":2,"cix":2,"ix":1,"mn":"ADBE Vector Group","hd":false}],"ip":0,"op":240,"st":0,"bm":0},{"ddd":0,"ind":5,"ty":4,"nm":"5","parent":1,"sr":1,"ks":{"o":{"a":0,"k":100,"ix":11},"r":{"a":0,"k":180,"ix":10},"p":{"a":1,"k":[{"i":{"x":0.667,"y":1},"o":{"x":0.333,"y":0},"n":"0p667_1_0p333_0","t":0,"s":[0,-90,0],"e":[0,0,0],"to":[0,15,0],"ti":[0,0,0]},{"i":{"x":0.667,"y":1},"o":{"x":0.333,"y":0},"n":"0p667_1_0p333_0","t":120,"s":[0,0,0],"e":[0,-90,0],"to":[0,0,0],"ti":[0,15,0]},{"t":239}],"ix":2},"a":{"a":0,"k":[325,325,0],"ix":1},"s":{"a":0,"k":[105.263,105.263,100],"ix":6}},"ao":0,"shapes":[{"ty":"gr","it":[{"ind":0,"ty":"sh","ix":1,"ks":{"a":0,"k":{"i":[[26.371,-26.37],[-52.741,-52.741],[0,0],[0,0],[0,0],[-52.297,52.298],[-52.297,-52.297],[52.298,-52.297],[0,0],[0,0],[0,0],[52.74,52.741],[34.563,0]],"o":[[-52.741,52.741],[0,0],[0,0],[0,0],[-52.297,-52.297],[52.298,-52.297],[52.298,52.298],[0,0],[0,0],[0,0],[52.74,-52.741],[-26.37,-26.37],[-34.563,0]],"v":[[-95.495,-117.504],[-95.495,73.488],[0.001,169],[0.001,167.406],[-94.693,72.685],[-94.693,-116.702],[94.694,-116.702],[94.694,72.685],[0.001,167.406],[0.001,169],[95.497,73.488],[95.497,-117.504],[0.001,-157.06]],"c":true},"ix":2},"nm":"Path 2","mn":"ADBE Vector Shape - Group","hd":false},{"ty":"gf","o":{"a":0,"k":100,"ix":10},"r":1,"g":{"p":7,"k":{"a":0,"k":[0,0.349,0.878,1,0.151,0.675,0.939,1,0.302,1,1,1,0.516,1,0.818,0.9,0.729,1,0.635,0.8,0.864,0.894,0.569,0.878,0.999,0.788,0.502,0.957],"ix":9}},"s":{"a":0,"k":[-1.393,137.24],"ix":5},"e":{"a":0,"k":[-0.472,-181.037],"ix":6},"t":1,"nm":"Gradient Fill 1","mn":"ADBE Vector Graphic - G-Fill","hd":false},{"ty":"tr","p":{"a":0,"k":[324.758,157.094],"ix":2},"a":{"a":0,"k":[0,0],"ix":1},"s":{"a":0,"k":[100,100],"ix":3},"r":{"a":0,"k":0,"ix":6},"o":{"a":0,"k":100,"ix":7},"sk":{"a":0,"k":0,"ix":4},"sa":{"a":0,"k":0,"ix":5},"nm":"Transform"}],"nm":"Group 1","np":2,"cix":2,"ix":1,"mn":"ADBE Vector Group","hd":false}],"ip":0,"op":240,"st":0,"bm":0},{"ddd":0,"ind":6,"ty":4,"nm":"4","parent":1,"sr":1,"ks":{"o":{"a":0,"k":100,"ix":11},"r":{"a":0,"k":135,"ix":10},"p":{"a":1,"k":[{"i":{"x":0.667,"y":1},"o":{"x":0.333,"y":0},"n":"0p667_1_0p333_0","t":0,"s":[-60,-60,0],"e":[0,0,0],"to":[10,10,0],"ti":[0,0,0]},{"i":{"x":0.667,"y":1},"o":{"x":0.333,"y":0},"n":"0p667_1_0p333_0","t":120,"s":[0,0,0],"e":[-60,-60,0],"to":[0,0,0],"ti":[10,10,0]},{"t":239}],"ix":2},"a":{"a":0,"k":[325,325,0],"ix":1},"s":{"a":0,"k":[105.263,105.263,100],"ix":6}},"ao":0,"shapes":[{"ty":"gr","it":[{"ind":0,"ty":"sh","ix":1,"ks":{"a":0,"k":{"i":[[26.371,-26.37],[-52.741,-52.741],[0,0],[0,0],[0,0],[-52.297,52.298],[-52.297,-52.297],[52.298,-52.297],[0,0],[0,0],[0,0],[52.74,52.741],[34.563,0]],"o":[[-52.741,52.741],[0,0],[0,0],[0,0],[-52.297,-52.297],[52.298,-52.297],[52.298,52.298],[0,0],[0,0],[0,0],[52.74,-52.741],[-26.37,-26.37],[-34.563,0]],"v":[[-95.495,-117.504],[-95.495,73.488],[0.001,169],[0.001,167.406],[-94.693,72.685],[-94.693,-116.702],[94.694,-116.702],[94.694,72.685],[0.001,167.406],[0.001,169],[95.497,73.488],[95.497,-117.504],[0.001,-157.06]],"c":true},"ix":2},"nm":"Path 2","mn":"ADBE Vector Shape - Group","hd":false},{"ty":"gf","o":{"a":0,"k":100,"ix":10},"r":1,"g":{"p":7,"k":{"a":0,"k":[0,0.349,0.878,1,0.151,0.675,0.939,1,0.302,1,1,1,0.516,1,0.818,0.9,0.729,1,0.635,0.8,0.864,0.894,0.569,0.878,0.999,0.788,0.502,0.957],"ix":9}},"s":{"a":0,"k":[-106.603,46.631],"ix":5},"e":{"a":0,"k":[92.143,-141.349],"ix":6},"t":1,"nm":"Gradient Fill 1","mn":"ADBE Vector Graphic - G-Fill","hd":false},{"ty":"tr","p":{"a":0,"k":[324.758,157.094],"ix":2},"a":{"a":0,"k":[0,0],"ix":1},"s":{"a":0,"k":[100,100],"ix":3},"r":{"a":0,"k":0,"ix":6},"o":{"a":0,"k":100,"ix":7},"sk":{"a":0,"k":0,"ix":4},"sa":{"a":0,"k":0,"ix":5},"nm":"Transform"}],"nm":"Group 1","np":2,"cix":2,"ix":1,"mn":"ADBE Vector Group","hd":false}],"ip":0,"op":240,"st":0,"bm":0},{"ddd":0,"ind":7,"ty":4,"nm":"3","parent":1,"sr":1,"ks":{"o":{"a":0,"k":100,"ix":11},"r":{"a":0,"k":90,"ix":10},"p":{"a":1,"k":[{"i":{"x":0.667,"y":1},"o":{"x":0.333,"y":0},"n":"0p667_1_0p333_0","t":0,"s":[-90,0,0],"e":[0,0,0],"to":[15,0,0],"ti":[0,0,0]},{"i":{"x":0.667,"y":1},"o":{"x":0.333,"y":0},"n":"0p667_1_0p333_0","t":120,"s":[0,0,0],"e":[-90,0,0],"to":[0,0,0],"ti":[15,0,0]},{"t":239}],"ix":2},"a":{"a":0,"k":[325,325,0],"ix":1},"s":{"a":0,"k":[105.263,105.263,100],"ix":6}},"ao":0,"shapes":[{"ty":"gr","it":[{"ind":0,"ty":"sh","ix":1,"ks":{"a":0,"k":{"i":[[26.371,-26.37],[-52.741,-52.741],[0,0],[0,0],[0,0],[-52.297,52.298],[-52.297,-52.297],[52.298,-52.297],[0,0],[0,0],[0,0],[52.74,52.741],[34.563,0]],"o":[[-52.741,52.741],[0,0],[0,0],[0,0],[-52.297,-52.297],[52.298,-52.297],[52.298,52.298],[0,0],[0,0],[0,0],[52.74,-52.741],[-26.37,-26.37],[-34.563,0]],"v":[[-95.495,-117.504],[-95.495,73.488],[0.001,169],[0.001,167.406],[-94.693,72.685],[-94.693,-116.702],[94.694,-116.702],[94.694,72.685],[0.001,167.406],[0.001,169],[95.497,73.488],[95.497,-117.504],[0.001,-157.06]],"c":true},"ix":2},"nm":"Path 2","mn":"ADBE Vector Shape - Group","hd":false},{"ty":"gf","o":{"a":0,"k":100,"ix":10},"r":1,"g":{"p":7,"k":{"a":0,"k":[0,0.349,0.878,1,0.151,0.675,0.939,1,0.302,1,1,1,0.516,1,0.818,0.9,0.729,1,0.635,0.8,0.864,0.894,0.569,0.878,0.999,0.788,0.502,0.957],"ix":9}},"s":{"a":0,"k":[-126.254,-44.608],"ix":5},"e":{"a":0,"k":[133.878,-42.999],"ix":6},"t":1,"nm":"Gradient Fill 1","mn":"ADBE Vector Graphic - G-Fill","hd":false},{"ty":"tr","p":{"a":0,"k":[324.758,157.094],"ix":2},"a":{"a":0,"k":[0,0],"ix":1},"s":{"a":0,"k":[100,100],"ix":3},"r":{"a":0,"k":0,"ix":6},"o":{"a":0,"k":100,"ix":7},"sk":{"a":0,"k":0,"ix":4},"sa":{"a":0,"k":0,"ix":5},"nm":"Transform"}],"nm":"Group 1","np":2,"cix":2,"ix":1,"mn":"ADBE Vector Group","hd":false}],"ip":0,"op":240,"st":0,"bm":0},{"ddd":0,"ind":8,"ty":4,"nm":"2","parent":1,"sr":1,"ks":{"o":{"a":0,"k":100,"ix":11},"r":{"a":0,"k":45,"ix":10},"p":{"a":1,"k":[{"i":{"x":0.667,"y":1},"o":{"x":0.333,"y":0},"n":"0p667_1_0p333_0","t":0,"s":[-60,60,0],"e":[0,0,0],"to":[10,-10,0],"ti":[0,0,0]},{"i":{"x":0.667,"y":1},"o":{"x":0.333,"y":0},"n":"0p667_1_0p333_0","t":120,"s":[0,0,0],"e":[-60,60,0],"to":[0,0,0],"ti":[10,-10,0]},{"t":239}],"ix":2},"a":{"a":0,"k":[325,325,0],"ix":1},"s":{"a":0,"k":[105.263,105.263,100],"ix":6}},"ao":0,"shapes":[{"ty":"gr","it":[{"ind":0,"ty":"sh","ix":1,"ks":{"a":0,"k":{"i":[[26.371,-26.37],[-52.741,-52.741],[0,0],[0,0],[0,0],[-52.297,52.298],[-52.297,-52.297],[52.298,-52.297],[0,0],[0,0],[0,0],[52.74,52.741],[34.563,0]],"o":[[-52.741,52.741],[0,0],[0,0],[0,0],[-52.297,-52.297],[52.298,-52.297],[52.298,52.298],[0,0],[0,0],[0,0],[52.74,-52.741],[-26.37,-26.37],[-34.563,0]],"v":[[-95.495,-117.504],[-95.495,73.488],[0.001,169],[0.001,167.406],[-94.693,72.685],[-94.693,-116.702],[94.694,-116.702],[94.694,72.685],[0.001,167.406],[0.001,169],[95.497,73.488],[95.497,-117.504],[0.001,-157.06]],"c":true},"ix":2},"nm":"Path 2","mn":"ADBE Vector Shape - Group","hd":false},{"ty":"gf","o":{"a":0,"k":100,"ix":10},"r":1,"g":{"p":7,"k":{"a":0,"k":[0,0.349,0.878,1,0.151,0.675,0.939,1,0.302,1,1,1,0.516,1,0.818,0.9,0.729,1,0.635,0.8,0.864,0.894,0.569,0.878,0.999,0.788,0.502,0.957],"ix":9}},"s":{"a":0,"k":[-99.902,-138.625],"ix":5},"e":{"a":0,"k":[88.237,47.606],"ix":6},"t":1,"nm":"Gradient Fill 1","mn":"ADBE Vector Graphic - G-Fill","hd":false},{"ty":"tr","p":{"a":0,"k":[324.758,157.094],"ix":2},"a":{"a":0,"k":[0,0],"ix":1},"s":{"a":0,"k":[100,100],"ix":3},"r":{"a":0,"k":0,"ix":6},"o":{"a":0,"k":100,"ix":7},"sk":{"a":0,"k":0,"ix":4},"sa":{"a":0,"k":0,"ix":5},"nm":"Transform"}],"nm":"Group 1","np":2,"cix":2,"ix":1,"mn":"ADBE Vector Group","hd":false}],"ip":0,"op":240,"st":0,"bm":0},{"ddd":0,"ind":9,"ty":4,"nm":"1","parent":1,"sr":1,"ks":{"o":{"a":0,"k":100,"ix":11},"r":{"a":0,"k":0,"ix":10},"p":{"a":1,"k":[{"i":{"x":0.667,"y":1},"o":{"x":0.333,"y":0},"n":"0p667_1_0p333_0","t":0,"s":[0,90,0],"e":[0,0,0],"to":[0,-15,0],"ti":[0,0,0]},{"i":{"x":0.667,"y":1},"o":{"x":0.333,"y":0},"n":"0p667_1_0p333_0","t":120,"s":[0,0,0],"e":[0,90,0],"to":[0,0,0],"ti":[0,-15,0]},{"t":239}],"ix":2},"a":{"a":0,"k":[325,325,0],"ix":1},"s":{"a":0,"k":[105.263,105.263,100],"ix":6}},"ao":0,"shapes":[{"ty":"gr","it":[{"ind":0,"ty":"sh","ix":1,"ks":{"a":0,"k":{"i":[[26.371,-26.37],[-52.741,-52.741],[0,0],[0,0],[0,0],[-52.297,52.298],[-52.297,-52.297],[52.298,-52.297],[0,0],[0,0],[0,0],[52.74,52.741],[34.563,0]],"o":[[-52.741,52.741],[0,0],[0,0],[0,0],[-52.297,-52.297],[52.298,-52.297],[52.298,52.298],[0,0],[0,0],[0,0],[52.74,-52.741],[-26.37,-26.37],[-34.563,0]],"v":[[-95.495,-117.504],[-95.495,73.488],[0.001,169],[0.001,167.406],[-94.693,72.685],[-94.693,-116.702],[94.694,-116.702],[94.694,72.685],[0.001,167.406],[0.001,169],[95.497,73.488],[95.497,-117.504],[0.001,-157.06]],"c":true},"ix":2},"nm":"Path 2","mn":"ADBE Vector Shape - Group","hd":false},{"ty":"gf","o":{"a":0,"k":100,"ix":10},"r":1,"g":{"p":7,"k":{"a":0,"k":[0,0.349,0.878,1,0.151,0.675,0.939,1,0.302,1,1,1,0.516,1,0.818,0.9,0.729,1,0.635,0.8,0.864,0.894,0.569,0.878,0.999,0.788,0.502,0.957],"ix":9}},"s":{"a":0,"k":[-1.014,-188.369],"ix":5},"e":{"a":0,"k":[0.485,148.881],"ix":6},"t":1,"nm":"Gradient Fill 1","mn":"ADBE Vector Graphic - G-Fill","hd":false},{"ty":"tr","p":{"a":0,"k":[324.758,157.094],"ix":2},"a":{"a":0,"k":[0,0],"ix":1},"s":{"a":0,"k":[100,100],"ix":3},"r":{"a":0,"k":0,"ix":6},"o":{"a":0,"k":100,"ix":7},"sk":{"a":0,"k":0,"ix":4},"sa":{"a":0,"k":0,"ix":5},"nm":"Transform"}],"nm":"Group 1","np":2,"cix":2,"ix":1,"mn":"ADBE Vector Group","hd":false}],"ip":0,"op":240,"st":0,"bm":0}],"markers":[]}