{"v":"5.3.4","fr":30,"ip":0,"op":240,"w":650,"h":650,"nm":"Flower_lottie_1","ddd":0,"assets":[],"layers":[{"ddd":0,"ind":1,"ty":3,"nm":"Null 4","sr":1,"ks":{"o":{"a":0,"k":0,"ix":11},"r":{"a":1,"k":[{"i":{"x":[0.667],"y":[1]},"o":{"x":[0.333],"y":[0]},"n":["0p667_1_0p333_0"],"t":0,"s":[0],"e":[90]},{"i":{"x":[0.667],"y":[1]},"o":{"x":[0.333],"y":[0]},"n":["0p667_1_0p333_0"],"t":120,"s":[90],"e":[0]},{"t":239}],"ix":10},"p":{"a":0,"k":[325,325,0],"ix":2},"a":{"a":0,"k":[0,0,0],"ix":1},"s":{"a":0,"k":[100,100,100],"ix":6}},"ao":0,"ip":0,"op":240,"st":0,"bm":0},{"ddd":0,"ind":2,"ty":4,"nm":"8","parent":1,"sr":1,"ks":{"o":{"a":0,"k":100,"ix":11},"r":{"a":0,"k":315,"ix":10},"p":{"a":1,"k":[{"i":{"x":0.667,"y":1},"o":{"x":0.333,"y":0},"n":"0p667_1_0p333_0","t":0,"s":[60,60,0],"e":[0,0,0],"to":[-10,-10,0],"ti":[0,0,0]},{"i":{"x":0.667,"y":1},"o":{"x":0.333,"y":0},"n":"0p667_1_0p333_0","t":120,"s":[0,0,0],"e":[60,60,0],"to":[0,0,0],"ti":[-10,-10,0]},{"t":239}],"ix":2},"a":{"a":0,"k":[325,325,0],"ix":1},"s":{"a":0,"k":[100,100,100],"ix":6}},"ao":0,"shapes":[{"ty":"gr","it":[{"ind":0,"ty":"sh","ix":1,"ks":{"a":0,"k":{"i":[[17.933,-12.848],[21.037,5.391],[0,0],[0,-69.26],[-86.31,-0.06],[0,0],[0,92.709],[-57.73,25.682],[-17.849,-12.85],[0,0],[0,0],[-20.957,5.398],[0,-68.732],[85.656,-0.047],[0,0],[0,93.358],[58.259,25.822],[0,0]],"o":[[-17.932,-12.848],[0,0],[-58.259,25.822],[0,93.36],[0,0],[-85.609,-0.106],[0,-68.732],[20.955,5.397],[0,0],[0,0],[17.848,-12.85],[57.73,25.682],[0,92.745],[0,0],[86.307,-0.065],[0,-69.26],[0,0],[-21.039,5.391]],"v":[[324.868,27.804],[266.012,0.199],[265.631,0.231],[168.525,156.783],[324.765,325.912],[324.686,324.747],[169.69,156.783],[265.918,1.377],[324.529,28.993],[324.868,29.238],[325.209,28.993],[383.821,1.377],[480.05,156.783],[324.693,324.747],[324.775,325.912],[481.214,156.783],[384.108,0.231],[383.728,0.199]],"c":true},"ix":2},"nm":"Path 2","mn":"ADBE Vector Shape - Group","hd":false},{"ty":"gf","o":{"a":0,"k":100,"ix":10},"r":2,"g":{"p":5,"k":{"a":0,"k":[0,1,0.498,0.502,0.279,0.645,0.484,0.751,0.558,0.29,0.471,1,0.779,0.145,0.525,1,1,0,0.58,1],"ix":9}},"s":{"a":0,"k":[222.878,409.912],"ix":5},"e":{"a":0,"k":[232.511,-49.58],"ix":6},"t":1,"nm":"Gradient Fill 1","mn":"ADBE Vector Graphic - G-Fill","hd":false},{"ty":"tr","p":{"a":0,"k":[324.869,163.055],"ix":2},"a":{"a":0,"k":[324.869,163.055],"ix":1},"s":{"a":0,"k":[100,100],"ix":3},"r":{"a":0,"k":0,"ix":6},"o":{"a":0,"k":100,"ix":7},"sk":{"a":0,"k":0,"ix":4},"sa":{"a":0,"k":0,"ix":5},"nm":"Transform"}],"nm":"Group 1","np":2,"cix":2,"ix":1,"mn":"ADBE Vector Group","hd":false}],"ip":0,"op":240,"st":0,"bm":0},{"ddd":0,"ind":3,"ty":4,"nm":"7","parent":1,"sr":1,"ks":{"o":{"a":0,"k":100,"ix":11},"r":{"a":0,"k":270,"ix":10},"p":{"a":1,"k":[{"i":{"x":0.667,"y":1},"o":{"x":0.333,"y":0},"n":"0p667_1_0p333_0","t":0,"s":[90,0,0],"e":[0,0,0],"to":[-15,0,0],"ti":[0,0,0]},{"i":{"x":0.667,"y":1},"o":{"x":0.333,"y":0},"n":"0p667_1_0p333_0","t":120,"s":[0,0,0],"e":[90,0,0],"to":[0,0,0],"ti":[-15,0,0]},{"t":239}],"ix":2},"a":{"a":0,"k":[325,325,0],"ix":1},"s":{"a":0,"k":[100,100,100],"ix":6}},"ao":0,"shapes":[{"ty":"gr","it":[{"ind":0,"ty":"sh","ix":1,"ks":{"a":0,"k":{"i":[[17.933,-12.848],[21.037,5.391],[0,0],[0,-69.26],[-86.31,-0.06],[0,0],[0,92.709],[-57.73,25.682],[-17.849,-12.85],[0,0],[0,0],[-20.957,5.398],[0,-68.732],[85.656,-0.047],[0,0],[0,93.358],[58.259,25.822],[0,0]],"o":[[-17.932,-12.848],[0,0],[-58.259,25.822],[0,93.36],[0,0],[-85.609,-0.106],[0,-68.732],[20.955,5.397],[0,0],[0,0],[17.848,-12.85],[57.73,25.682],[0,92.745],[0,0],[86.307,-0.065],[0,-69.26],[0,0],[-21.039,5.391]],"v":[[324.868,27.804],[266.012,0.199],[265.631,0.231],[168.525,156.783],[324.765,325.912],[324.686,324.747],[169.69,156.783],[265.918,1.377],[324.529,28.993],[324.868,29.238],[325.209,28.993],[383.821,1.377],[480.05,156.783],[324.695,324.747],[324.762,325.912],[481.214,156.783],[384.108,0.231],[383.728,0.199]],"c":true},"ix":2},"nm":"Path 2","mn":"ADBE Vector Shape - Group","hd":false},{"ty":"gf","o":{"a":0,"k":100,"ix":10},"r":2,"g":{"p":5,"k":{"a":0,"k":[0,1,0.498,0.498,0.279,0.645,0.484,0.749,0.558,0.29,0.471,1,0.779,0.145,0.525,1,1,0,0.58,1],"ix":9}},"s":{"a":0,"k":[120.365,224.556],"ix":5},"e":{"a":0,"k":[460.587,-78.97],"ix":6},"t":1,"nm":"Gradient Fill 1","mn":"ADBE Vector Graphic - G-Fill","hd":false},{"ty":"tr","p":{"a":0,"k":[324.869,163.055],"ix":2},"a":{"a":0,"k":[324.869,163.055],"ix":1},"s":{"a":0,"k":[100,100],"ix":3},"r":{"a":0,"k":0,"ix":6},"o":{"a":0,"k":100,"ix":7},"sk":{"a":0,"k":0,"ix":4},"sa":{"a":0,"k":0,"ix":5},"nm":"Transform"}],"nm":"Group 1","np":2,"cix":2,"ix":1,"mn":"ADBE Vector Group","hd":false}],"ip":0,"op":240,"st":0,"bm":0},{"ddd":0,"ind":4,"ty":4,"nm":"6","parent":1,"sr":1,"ks":{"o":{"a":0,"k":100,"ix":11},"r":{"a":0,"k":225,"ix":10},"p":{"a":1,"k":[{"i":{"x":0.667,"y":1},"o":{"x":0.333,"y":0},"n":"0p667_1_0p333_0","t":0,"s":[60,-60,0],"e":[0,0,0],"to":[-10,10,0],"ti":[0,0,0]},{"i":{"x":0.667,"y":1},"o":{"x":0.333,"y":0},"n":"0p667_1_0p333_0","t":120,"s":[0,0,0],"e":[60,-60,0],"to":[0,0,0],"ti":[-10,10,0]},{"t":239}],"ix":2},"a":{"a":0,"k":[325,325,0],"ix":1},"s":{"a":0,"k":[100,100,100],"ix":6}},"ao":0,"shapes":[{"ty":"gr","it":[{"ind":0,"ty":"sh","ix":1,"ks":{"a":0,"k":{"i":[[17.933,-12.848],[21.037,5.391],[0,0],[0,-69.26],[-86.31,-0.06],[0,0],[0,92.709],[-57.73,25.682],[-17.849,-12.85],[0,0],[0,0],[-20.957,5.398],[0,-68.732],[85.656,-0.047],[0,0],[0,93.358],[58.259,25.822],[0,0]],"o":[[-17.932,-12.848],[0,0],[-58.259,25.822],[0,93.36],[0,0],[-85.609,-0.106],[0,-68.732],[20.955,5.397],[0,0],[0,0],[17.848,-12.85],[57.73,25.682],[0,92.745],[0,0],[86.307,-0.065],[0,-69.26],[0,0],[-21.039,5.391]],"v":[[324.868,27.804],[266.012,0.199],[265.631,0.231],[168.525,156.783],[324.765,325.912],[324.686,324.747],[169.69,156.783],[265.918,1.377],[324.529,28.993],[324.868,29.238],[325.209,28.993],[383.821,1.377],[480.05,156.783],[324.693,324.747],[324.762,325.925],[481.214,156.783],[384.108,0.231],[383.728,0.199]],"c":true},"ix":2},"nm":"Path 2","mn":"ADBE Vector Shape - Group","hd":false},{"ty":"gf","o":{"a":0,"k":100,"ix":10},"r":2,"g":{"p":5,"k":{"a":0,"k":[0,1,0.498,0.502,0.279,0.645,0.484,0.751,0.558,0.29,0.471,1,0.779,0.145,0.525,1,1,0,0.58,1],"ix":9}},"s":{"a":0,"k":[99.841,83.228],"ix":5},"e":{"a":0,"k":[540.102,84.063],"ix":6},"t":1,"nm":"Gradient Fill 1","mn":"ADBE Vector Graphic - G-Fill","hd":false},{"ty":"tr","p":{"a":0,"k":[324.869,163.055],"ix":2},"a":{"a":0,"k":[324.869,163.055],"ix":1},"s":{"a":0,"k":[100,100],"ix":3},"r":{"a":0,"k":0,"ix":6},"o":{"a":0,"k":100,"ix":7},"sk":{"a":0,"k":0,"ix":4},"sa":{"a":0,"k":0,"ix":5},"nm":"Transform"}],"nm":"Group 1","np":2,"cix":2,"ix":1,"mn":"ADBE Vector Group","hd":false}],"ip":0,"op":240,"st":0,"bm":0},{"ddd":0,"ind":5,"ty":4,"nm":"5","parent":1,"sr":1,"ks":{"o":{"a":0,"k":100,"ix":11},"r":{"a":0,"k":180,"ix":10},"p":{"a":1,"k":[{"i":{"x":0.667,"y":1},"o":{"x":0.333,"y":0},"n":"0p667_1_0p333_0","t":0,"s":[0,-90,0],"e":[0,0,0],"to":[0,15,0],"ti":[0,0,0]},{"i":{"x":0.667,"y":1},"o":{"x":0.333,"y":0},"n":"0p667_1_0p333_0","t":120,"s":[0,0,0],"e":[0,-90,0],"to":[0,0,0],"ti":[0,15,0]},{"t":239}],"ix":2},"a":{"a":0,"k":[325,325,0],"ix":1},"s":{"a":0,"k":[100,100,100],"ix":6}},"ao":0,"shapes":[{"ty":"gr","it":[{"ind":0,"ty":"sh","ix":1,"ks":{"a":0,"k":{"i":[[17.933,-12.848],[21.037,5.391],[0,0],[0,-69.26],[-86.31,-0.06],[0,0],[0,92.709],[-57.73,25.682],[-17.849,-12.85],[0,0],[0,0],[-20.957,5.398],[0,-68.732],[85.656,-0.047],[0,0],[0,93.358],[58.259,25.822],[0,0]],"o":[[-17.932,-12.848],[0,0],[-58.259,25.822],[0,93.36],[0,0],[-85.609,-0.106],[0,-68.732],[20.955,5.397],[0,0],[0,0],[17.848,-12.85],[57.73,25.682],[0,92.745],[0,0],[86.307,-0.065],[0,-69.26],[0,0],[-21.039,5.391]],"v":[[324.868,27.804],[266.012,0.199],[265.631,0.231],[168.525,156.783],[324.983,325.912],[324.958,324.747],[169.69,156.783],[265.918,1.377],[324.529,28.993],[324.868,29.238],[325.209,28.993],[383.821,1.377],[480.05,156.783],[324.949,324.747],[324.98,325.912],[481.214,156.783],[384.108,0.231],[383.728,0.199]],"c":true},"ix":2},"nm":"Path 2","mn":"ADBE Vector Shape - Group","hd":false},{"ty":"gf","o":{"a":0,"k":100,"ix":10},"r":2,"g":{"p":5,"k":{"a":0,"k":[0,1,0.498,0.498,0.279,0.645,0.484,0.749,0.558,0.29,0.471,1,0.779,0.145,0.525,1,1,0,0.58,1],"ix":9}},"s":{"a":0,"k":[220.365,-44.444],"ix":5},"e":{"a":0,"k":[520.587,285.03],"ix":6},"t":1,"nm":"Gradient Fill 1","mn":"ADBE Vector Graphic - G-Fill","hd":false},{"ty":"tr","p":{"a":0,"k":[324.869,163.055],"ix":2},"a":{"a":0,"k":[324.869,163.055],"ix":1},"s":{"a":0,"k":[100,100],"ix":3},"r":{"a":0,"k":0,"ix":6},"o":{"a":0,"k":100,"ix":7},"sk":{"a":0,"k":0,"ix":4},"sa":{"a":0,"k":0,"ix":5},"nm":"Transform"}],"nm":"Group 1","np":2,"cix":2,"ix":1,"mn":"ADBE Vector Group","hd":false}],"ip":0,"op":240,"st":0,"bm":0},{"ddd":0,"ind":6,"ty":4,"nm":"4","parent":1,"sr":1,"ks":{"o":{"a":0,"k":100,"ix":11},"r":{"a":0,"k":135,"ix":10},"p":{"a":1,"k":[{"i":{"x":0.667,"y":1},"o":{"x":0.333,"y":0},"n":"0p667_1_0p333_0","t":0,"s":[-60,-60,0],"e":[0,0,0],"to":[10,10,0],"ti":[0,0,0]},{"i":{"x":0.667,"y":1},"o":{"x":0.333,"y":0},"n":"0p667_1_0p333_0","t":120,"s":[0,0,0],"e":[-60,-60,0],"to":[0,0,0],"ti":[10,10,0]},{"t":239}],"ix":2},"a":{"a":0,"k":[325,325,0],"ix":1},"s":{"a":0,"k":[100,100,100],"ix":6}},"ao":0,"shapes":[{"ty":"gr","it":[{"ind":0,"ty":"sh","ix":1,"ks":{"a":0,"k":{"i":[[17.933,-12.848],[21.037,5.391],[0,0],[0,-69.26],[-86.31,-0.06],[0,0],[0,92.709],[-57.73,25.682],[-17.849,-12.85],[0,0],[0,0],[-20.957,5.398],[0,-68.732],[85.656,-0.047],[0,0],[0,93.358],[58.259,25.822],[0,0]],"o":[[-17.932,-12.848],[0,0],[-58.259,25.822],[0,93.36],[0,0],[-85.609,-0.106],[0,-68.732],[20.955,5.397],[0,0],[0,0],[17.848,-12.85],[57.73,25.682],[0,92.745],[0,0],[86.307,-0.065],[0,-69.26],[0,0],[-21.039,5.391]],"v":[[324.868,27.804],[266.012,0.199],[265.631,0.231],[168.525,156.783],[324.957,325.899],[324.942,324.747],[169.69,156.783],[265.918,1.377],[324.529,28.993],[324.868,29.238],[325.209,28.993],[383.821,1.377],[480.05,156.783],[324.949,324.747],[324.98,325.912],[481.214,156.783],[384.108,0.231],[383.728,0.199]],"c":true},"ix":2},"nm":"Path 2","mn":"ADBE Vector Shape - Group","hd":false},{"ty":"gf","o":{"a":0,"k":100,"ix":10},"r":2,"g":{"p":5,"k":{"a":0,"k":[0,1,0.498,0.502,0.279,0.645,0.484,0.751,0.558,0.29,0.471,1,0.779,0.145,0.525,1,1,0,0.58,1],"ix":9}},"s":{"a":0,"k":[439.252,-45.465],"ix":5},"e":{"a":0,"k":[421.308,396.604],"ix":6},"t":1,"nm":"Gradient Fill 1","mn":"ADBE Vector Graphic - G-Fill","hd":false},{"ty":"tr","p":{"a":0,"k":[324.869,163.055],"ix":2},"a":{"a":0,"k":[324.869,163.055],"ix":1},"s":{"a":0,"k":[100,100],"ix":3},"r":{"a":0,"k":0,"ix":6},"o":{"a":0,"k":100,"ix":7},"sk":{"a":0,"k":0,"ix":4},"sa":{"a":0,"k":0,"ix":5},"nm":"Transform"}],"nm":"Group 1","np":2,"cix":2,"ix":1,"mn":"ADBE Vector Group","hd":false}],"ip":0,"op":240,"st":0,"bm":0},{"ddd":0,"ind":7,"ty":4,"nm":"3","parent":1,"sr":1,"ks":{"o":{"a":0,"k":100,"ix":11},"r":{"a":0,"k":90,"ix":10},"p":{"a":1,"k":[{"i":{"x":0.667,"y":1},"o":{"x":0.333,"y":0},"n":"0p667_1_0p333_0","t":0,"s":[-90,0,0],"e":[0,0,0],"to":[15,0,0],"ti":[0,0,0]},{"i":{"x":0.667,"y":1},"o":{"x":0.333,"y":0},"n":"0p667_1_0p333_0","t":120,"s":[0,0,0],"e":[-90,0,0],"to":[0,0,0],"ti":[15,0,0]},{"t":239}],"ix":2},"a":{"a":0,"k":[325,325,0],"ix":1},"s":{"a":0,"k":[100,100,100],"ix":6}},"ao":0,"shapes":[{"ty":"gr","it":[{"ind":0,"ty":"sh","ix":1,"ks":{"a":0,"k":{"i":[[17.933,-12.848],[21.037,5.391],[0,0],[0,-69.26],[-86.31,-0.06],[0,0],[0,92.709],[-57.73,25.682],[-17.849,-12.85],[0,0],[0,0],[-20.957,5.398],[0,-68.732],[85.656,-0.047],[0,0],[0,93.358],[58.259,25.822],[0,0]],"o":[[-17.932,-12.848],[0,0],[-58.259,25.822],[0,93.36],[0,0],[-85.609,-0.106],[0,-68.732],[20.955,5.397],[0,0],[0,0],[17.848,-12.85],[57.73,25.682],[0,92.745],[0,0],[86.307,-0.065],[0,-69.26],[0,0],[-21.039,5.391]],"v":[[324.868,27.804],[266.012,0.199],[265.631,0.231],[168.525,156.783],[324.964,325.913],[324.958,324.744],[169.69,156.783],[265.918,1.377],[324.529,28.993],[324.868,29.238],[325.209,28.993],[383.821,1.377],[480.05,156.783],[324.949,324.747],[324.98,325.912],[481.214,156.783],[384.108,0.231],[383.728,0.199]],"c":true},"ix":2},"nm":"Path 2","mn":"ADBE Vector Shape - Group","hd":false},{"ty":"gf","o":{"a":0,"k":100,"ix":10},"r":2,"g":{"p":5,"k":{"a":0,"k":[0,1,0.498,0.502,0.279,0.645,0.484,0.751,0.558,0.29,0.471,1,0.779,0.145,0.525,1,1,0,0.58,1],"ix":9}},"s":{"a":0,"k":[542.365,57.556],"ix":5},"e":{"a":0,"k":[238.587,385.03],"ix":6},"t":1,"nm":"Gradient Fill 1","mn":"ADBE Vector Graphic - G-Fill","hd":false},{"ty":"tr","p":{"a":0,"k":[324.869,163.055],"ix":2},"a":{"a":0,"k":[324.869,163.055],"ix":1},"s":{"a":0,"k":[100,100],"ix":3},"r":{"a":0,"k":0,"ix":6},"o":{"a":0,"k":100,"ix":7},"sk":{"a":0,"k":0,"ix":4},"sa":{"a":0,"k":0,"ix":5},"nm":"Transform"}],"nm":"Group 1","np":2,"cix":2,"ix":1,"mn":"ADBE Vector Group","hd":false}],"ip":0,"op":240,"st":0,"bm":0},{"ddd":0,"ind":8,"ty":4,"nm":"2","parent":1,"sr":1,"ks":{"o":{"a":0,"k":100,"ix":11},"r":{"a":0,"k":45,"ix":10},"p":{"a":1,"k":[{"i":{"x":0.667,"y":1},"o":{"x":0.333,"y":0},"n":"0p667_1_0p333_0","t":0,"s":[-60,60,0],"e":[0,0,0],"to":[10,-10,0],"ti":[0,0,0]},{"i":{"x":0.667,"y":1},"o":{"x":0.333,"y":0},"n":"0p667_1_0p333_0","t":120,"s":[0,0,0],"e":[-60,60,0],"to":[0,0,0],"ti":[10,-10,0]},{"t":239}],"ix":2},"a":{"a":0,"k":[325,325,0],"ix":1},"s":{"a":0,"k":[100,100,100],"ix":6}},"ao":0,"shapes":[{"ty":"gr","it":[{"ind":0,"ty":"sh","ix":1,"ks":{"a":0,"k":{"i":[[17.933,-12.848],[21.037,5.391],[0,0],[0,-69.26],[-86.31,-0.06],[0,0],[0,92.709],[-57.73,25.682],[-17.849,-12.85],[0,0],[0,0],[-20.957,5.398],[0,-68.732],[85.656,-0.047],[0,0],[0,93.358],[58.259,25.822],[0,0]],"o":[[-17.932,-12.848],[0,0],[-58.259,25.822],[0,93.36],[0,0],[-85.609,-0.106],[0,-68.732],[20.955,5.397],[0,0],[0,0],[17.848,-12.85],[57.73,25.682],[0,92.745],[0,0],[86.307,-0.065],[0,-69.26],[0,0],[-21.039,5.391]],"v":[[324.868,27.804],[266.012,0.199],[265.631,0.231],[168.525,156.783],[324.983,325.925],[324.955,324.76],[169.69,156.783],[265.918,1.377],[324.529,28.993],[324.868,29.238],[325.209,28.993],[383.821,1.377],[480.05,156.783],[324.949,324.747],[324.98,325.912],[481.214,156.783],[384.108,0.231],[383.728,0.199]],"c":true},"ix":2},"nm":"Path 2","mn":"ADBE Vector Shape - Group","hd":false},{"ty":"gf","o":{"a":0,"k":100,"ix":10},"r":2,"g":{"p":5,"k":{"a":0,"k":[0,1,0.498,0.502,0.279,0.645,0.484,0.751,0.558,0.29,0.471,1,0.779,0.145,0.525,1,1,0,0.58,1],"ix":9}},"s":{"a":0,"k":[536.126,252.227],"ix":5},"e":{"a":0,"k":[119.374,254.476],"ix":6},"t":1,"nm":"Gradient Fill 1","mn":"ADBE Vector Graphic - G-Fill","hd":false},{"ty":"tr","p":{"a":0,"k":[324.869,163.055],"ix":2},"a":{"a":0,"k":[324.869,163.055],"ix":1},"s":{"a":0,"k":[100,100],"ix":3},"r":{"a":0,"k":0,"ix":6},"o":{"a":0,"k":100,"ix":7},"sk":{"a":0,"k":0,"ix":4},"sa":{"a":0,"k":0,"ix":5},"nm":"Transform"}],"nm":"Group 1","np":2,"cix":2,"ix":1,"mn":"ADBE Vector Group","hd":false}],"ip":0,"op":240,"st":0,"bm":0},{"ddd":0,"ind":9,"ty":4,"nm":"1","parent":1,"sr":1,"ks":{"o":{"a":0,"k":100,"ix":11},"r":{"a":0,"k":0,"ix":10},"p":{"a":1,"k":[{"i":{"x":0.667,"y":1},"o":{"x":0.333,"y":0},"n":"0p667_1_0p333_0","t":0,"s":[0,90,0],"e":[0,0,0],"to":[0,-15,0],"ti":[0,0,0]},{"i":{"x":0.667,"y":1},"o":{"x":0.333,"y":0},"n":"0p667_1_0p333_0","t":120,"s":[0,0,0],"e":[0,90,0],"to":[0,0,0],"ti":[0,-15,0]},{"t":239}],"ix":2},"a":{"a":0,"k":[325,325,0],"ix":1},"s":{"a":0,"k":[100,100,100],"ix":6}},"ao":0,"shapes":[{"ty":"gr","it":[{"ind":0,"ty":"sh","ix":1,"ks":{"a":0,"k":{"i":[[17.933,-12.848],[21.037,5.391],[0,0],[0,-69.26],[-86.31,-0.06],[0,0],[0,92.709],[-57.73,25.682],[-17.849,-12.85],[0,0],[0,0],[-20.957,5.398],[0,-68.732],[85.656,-0.047],[0,0],[0,93.358],[58.259,25.822],[0,0]],"o":[[-17.932,-12.848],[0,0],[-58.259,25.822],[0,93.36],[0,0],[-85.609,-0.106],[0,-68.732],[20.955,5.397],[0,0],[0,0],[17.848,-12.85],[57.73,25.682],[0,92.745],[0,0],[86.307,-0.065],[0,-69.26],[0,0],[-21.039,5.391]],"v":[[324.868,27.804],[266.012,0.199],[265.631,0.231],[168.525,156.783],[324.765,325.912],[324.686,324.747],[169.69,156.783],[265.918,1.377],[324.529,28.993],[324.868,29.238],[325.209,28.993],[383.821,1.377],[480.05,156.783],[324.713,324.744],[324.781,325.913],[481.214,156.783],[384.108,0.231],[383.728,0.199]],"c":true},"ix":2},"nm":"Path 2","mn":"ADBE Vector Shape - Group","hd":false},{"ty":"gf","o":{"a":0,"k":100,"ix":10},"r":2,"g":{"p":5,"k":{"a":0,"k":[0,1,0.498,0.502,0.279,0.645,0.484,0.751,0.558,0.29,0.471,1,0.779,0.145,0.525,1,1,0,0.58,1],"ix":9}},"s":{"a":0,"k":[471.365,357.556],"ix":5},"e":{"a":0,"k":[145.587,53.03],"ix":6},"t":1,"nm":"Gradient Fill 1","mn":"ADBE Vector Graphic - G-Fill","hd":false},{"ty":"tr","p":{"a":0,"k":[324.869,163.055],"ix":2},"a":{"a":0,"k":[324.869,163.055],"ix":1},"s":{"a":0,"k":[100,100],"ix":3},"r":{"a":0,"k":0,"ix":6},"o":{"a":0,"k":100,"ix":7},"sk":{"a":0,"k":0,"ix":4},"sa":{"a":0,"k":0,"ix":5},"nm":"Transform"}],"nm":"Group 1","np":2,"cix":2,"ix":1,"mn":"ADBE Vector Group","hd":false}],"ip":0,"op":240,"st":0,"bm":0}],"markers":[]}