{"v":"5.3.4","fr":30,"ip":0,"op":240,"w":650,"h":650,"nm":"Flower_lottie_9","ddd":0,"assets":[],"layers":[{"ddd":0,"ind":1,"ty":3,"nm":"Null 4","sr":1,"ks":{"o":{"a":0,"k":0,"ix":11},"r":{"a":1,"k":[{"i":{"x":[0.667],"y":[1]},"o":{"x":[0.333],"y":[0]},"n":["0p667_1_0p333_0"],"t":0,"s":[0],"e":[90]},{"i":{"x":[0.667],"y":[1]},"o":{"x":[0.333],"y":[0]},"n":["0p667_1_0p333_0"],"t":120,"s":[90],"e":[0]},{"t":239}],"ix":10},"p":{"a":0,"k":[325,325,0],"ix":2},"a":{"a":0,"k":[0,0,0],"ix":1},"s":{"a":0,"k":[83,83,100],"ix":6}},"ao":0,"ip":0,"op":240,"st":0,"bm":0},{"ddd":0,"ind":2,"ty":4,"nm":"8","parent":1,"sr":1,"ks":{"o":{"a":0,"k":100,"ix":11},"r":{"a":0,"k":315,"ix":10},"p":{"a":1,"k":[{"i":{"x":0.667,"y":1},"o":{"x":0.333,"y":0},"n":"0p667_1_0p333_0","t":0,"s":[60,60,0],"e":[0,0,0],"to":[-10,-10,0],"ti":[0,0,0]},{"i":{"x":0.667,"y":1},"o":{"x":0.333,"y":0},"n":"0p667_1_0p333_0","t":120,"s":[0,0,0],"e":[60,60,0],"to":[0,0,0],"ti":[-10,-10,0]},{"t":239}],"ix":2},"a":{"a":0,"k":[325,325,0],"ix":1},"s":{"a":0,"k":[120.482,120.482,100],"ix":6}},"ao":0,"shapes":[{"ty":"gr","it":[{"ind":0,"ty":"sh","ix":1,"ks":{"a":0,"k":{"i":[[89.935,0],[0,-89.937],[-89.67,-0.312],[0,0],[0,89.083],[-89.303,0],[0,-89.305],[89.067,-0.278],[0,0],[0,89.778]],"o":[[-89.935,0],[0,89.741],[0,0],[-89.001,-0.354],[0,-89.305],[89.303,0],[0,89.13],[0,0],[89.72,-0.253],[0,-89.937]],"v":[[0,-162.852],[-162.842,-0.009],[0,162.852],[0,161.727],[-161.699,-0.009],[0,-161.708],[161.698,-0.009],[0,161.727],[0,162.852],[162.841,-0.009]],"c":true},"ix":2},"nm":"Path 2","mn":"ADBE Vector Shape - Group","hd":false},{"ty":"gf","o":{"a":0,"k":100,"ix":10},"r":1,"g":{"p":3,"k":{"a":0,"k":[0,0.639,0,1,0.5,0.32,0.5,0.929,1,0,1,0.859],"ix":9}},"s":{"a":0,"k":[266.509,-273.014],"ix":5},"e":{"a":0,"k":[-416.459,433.808],"ix":6},"t":1,"nm":"Gradient Fill 1","mn":"ADBE Vector Graphic - G-Fill","hd":false},{"ty":"tr","p":{"a":0,"k":[325,162.852],"ix":2},"a":{"a":0,"k":[0,0],"ix":1},"s":{"a":0,"k":[100,100],"ix":3},"r":{"a":0,"k":0,"ix":6},"o":{"a":0,"k":100,"ix":7},"sk":{"a":0,"k":0,"ix":4},"sa":{"a":0,"k":0,"ix":5},"nm":"Transform"}],"nm":"Group 1","np":2,"cix":2,"ix":1,"mn":"ADBE Vector Group","hd":false}],"ip":0,"op":240,"st":0,"bm":0},{"ddd":0,"ind":3,"ty":4,"nm":"7","parent":1,"sr":1,"ks":{"o":{"a":0,"k":100,"ix":11},"r":{"a":0,"k":270,"ix":10},"p":{"a":1,"k":[{"i":{"x":0.667,"y":1},"o":{"x":0.333,"y":0},"n":"0p667_1_0p333_0","t":0,"s":[90,0,0],"e":[0,0,0],"to":[-15,0,0],"ti":[0,0,0]},{"i":{"x":0.667,"y":1},"o":{"x":0.333,"y":0},"n":"0p667_1_0p333_0","t":120,"s":[0,0,0],"e":[90,0,0],"to":[0,0,0],"ti":[-15,0,0]},{"t":239}],"ix":2},"a":{"a":0,"k":[325,325,0],"ix":1},"s":{"a":0,"k":[120.482,120.482,100],"ix":6}},"ao":0,"shapes":[{"ty":"gr","it":[{"ind":0,"ty":"sh","ix":1,"ks":{"a":0,"k":{"i":[[89.935,0],[0,-89.937],[-89.67,-0.312],[0,0],[0,89.083],[-89.303,0],[0,-89.305],[89.067,-0.278],[0,0],[0,89.778]],"o":[[-89.935,0],[0,89.741],[0,0],[-89.001,-0.354],[0,-89.305],[89.303,0],[0,89.13],[0,0],[89.72,-0.253],[0,-89.937]],"v":[[0,-162.852],[-162.842,-0.009],[0,162.852],[0,161.727],[-161.699,-0.009],[0,-161.708],[161.698,-0.009],[0,161.727],[0,162.852],[162.841,-0.009]],"c":true},"ix":2},"nm":"Path 2","mn":"ADBE Vector Shape - Group","hd":false},{"ty":"gf","o":{"a":0,"k":100,"ix":10},"r":1,"g":{"p":3,"k":{"a":0,"k":[0,0.639,0,1,0.5,0.32,0.5,0.929,1,0,1,0.859],"ix":9}},"s":{"a":0,"k":[496.073,41.536],"ix":5},"e":{"a":0,"k":[-486.287,59.213],"ix":6},"t":1,"nm":"Gradient Fill 1","mn":"ADBE Vector Graphic - G-Fill","hd":false},{"ty":"tr","p":{"a":0,"k":[325,162.852],"ix":2},"a":{"a":0,"k":[0,0],"ix":1},"s":{"a":0,"k":[100,100],"ix":3},"r":{"a":0,"k":0,"ix":6},"o":{"a":0,"k":100,"ix":7},"sk":{"a":0,"k":0,"ix":4},"sa":{"a":0,"k":0,"ix":5},"nm":"Transform"}],"nm":"Group 1","np":2,"cix":2,"ix":1,"mn":"ADBE Vector Group","hd":false}],"ip":0,"op":240,"st":0,"bm":0},{"ddd":0,"ind":4,"ty":4,"nm":"6","parent":1,"sr":1,"ks":{"o":{"a":0,"k":100,"ix":11},"r":{"a":0,"k":225,"ix":10},"p":{"a":1,"k":[{"i":{"x":0.667,"y":1},"o":{"x":0.333,"y":0},"n":"0p667_1_0p333_0","t":0,"s":[60,-60,0],"e":[0,0,0],"to":[-10,10,0],"ti":[0,0,0]},{"i":{"x":0.667,"y":1},"o":{"x":0.333,"y":0},"n":"0p667_1_0p333_0","t":120,"s":[0,0,0],"e":[60,-60,0],"to":[0,0,0],"ti":[-10,10,0]},{"t":239}],"ix":2},"a":{"a":0,"k":[325,325,0],"ix":1},"s":{"a":0,"k":[120.482,120.482,100],"ix":6}},"ao":0,"shapes":[{"ty":"gr","it":[{"ind":0,"ty":"sh","ix":1,"ks":{"a":0,"k":{"i":[[89.935,0],[0,-89.937],[-89.67,-0.312],[0,0],[0,89.083],[-89.303,0],[0,-89.305],[89.067,-0.278],[0,0],[0,89.778]],"o":[[-89.935,0],[0,89.741],[0,0],[-89.001,-0.354],[0,-89.305],[89.303,0],[0,89.13],[0,0],[89.72,-0.253],[0,-89.937]],"v":[[0,-162.852],[-162.842,-0.009],[0,162.852],[0,161.727],[-161.699,-0.009],[0,-161.708],[161.698,-0.009],[0,161.727],[0,162.852],[162.841,-0.009]],"c":true},"ix":2},"nm":"Path 2","mn":"ADBE Vector Shape - Group","hd":false},{"ty":"gf","o":{"a":0,"k":100,"ix":10},"r":1,"g":{"p":3,"k":{"a":0,"k":[0,0.639,0,1,0.5,0.32,0.5,0.929,1,0,1,0.859],"ix":9}},"s":{"a":0,"k":[-267.941,279.851],"ix":5},"e":{"a":0,"k":[434.406,-452.504],"ix":6},"t":1,"nm":"Gradient Fill 1","mn":"ADBE Vector Graphic - G-Fill","hd":false},{"ty":"tr","p":{"a":0,"k":[325,162.852],"ix":2},"a":{"a":0,"k":[0,0],"ix":1},"s":{"a":0,"k":[100,100],"ix":3},"r":{"a":0,"k":0,"ix":6},"o":{"a":0,"k":100,"ix":7},"sk":{"a":0,"k":0,"ix":4},"sa":{"a":0,"k":0,"ix":5},"nm":"Transform"}],"nm":"Group 1","np":2,"cix":2,"ix":1,"mn":"ADBE Vector Group","hd":false}],"ip":0,"op":240,"st":0,"bm":0},{"ddd":0,"ind":5,"ty":4,"nm":"5","parent":1,"sr":1,"ks":{"o":{"a":0,"k":100,"ix":11},"r":{"a":0,"k":180,"ix":10},"p":{"a":1,"k":[{"i":{"x":0.667,"y":1},"o":{"x":0.333,"y":0},"n":"0p667_1_0p333_0","t":0,"s":[0,-90,0],"e":[0,0,0],"to":[0,15,0],"ti":[0,0,0]},{"i":{"x":0.667,"y":1},"o":{"x":0.333,"y":0},"n":"0p667_1_0p333_0","t":120,"s":[0,0,0],"e":[0,-90,0],"to":[0,0,0],"ti":[0,15,0]},{"t":239}],"ix":2},"a":{"a":0,"k":[325,325,0],"ix":1},"s":{"a":0,"k":[120.482,120.482,100],"ix":6}},"ao":0,"shapes":[{"ty":"gr","it":[{"ind":0,"ty":"sh","ix":1,"ks":{"a":0,"k":{"i":[[89.935,0],[0,-89.937],[-89.67,-0.312],[0,0],[0,89.083],[-89.303,0],[0,-89.305],[89.067,-0.278],[0,0],[0,89.778]],"o":[[-89.935,0],[0,89.741],[0,0],[-89.001,-0.354],[0,-89.305],[89.303,0],[0,89.13],[0,0],[89.72,-0.253],[0,-89.937]],"v":[[0,-162.852],[-162.842,-0.009],[0,162.852],[0,161.727],[-161.699,-0.009],[0,-161.708],[161.698,-0.009],[0,161.727],[0,162.852],[162.841,-0.009]],"c":true},"ix":2},"nm":"Path 2","mn":"ADBE Vector Shape - Group","hd":false},{"ty":"gf","o":{"a":0,"k":100,"ix":10},"r":1,"g":{"p":3,"k":{"a":0,"k":[0,0.639,0,1,0.5,0.32,0.5,0.929,1,0,1,0.859],"ix":9}},"s":{"a":0,"k":[-274.58,272.688],"ix":5},"e":{"a":0,"k":[471.822,-488.721],"ix":6},"t":1,"nm":"Gradient Fill 1","mn":"ADBE Vector Graphic - G-Fill","hd":false},{"ty":"tr","p":{"a":0,"k":[325,162.852],"ix":2},"a":{"a":0,"k":[0,0],"ix":1},"s":{"a":0,"k":[100,100],"ix":3},"r":{"a":0,"k":0,"ix":6},"o":{"a":0,"k":100,"ix":7},"sk":{"a":0,"k":0,"ix":4},"sa":{"a":0,"k":0,"ix":5},"nm":"Transform"}],"nm":"Group 1","np":2,"cix":2,"ix":1,"mn":"ADBE Vector Group","hd":false}],"ip":0,"op":240,"st":0,"bm":0},{"ddd":0,"ind":6,"ty":4,"nm":"4","parent":1,"sr":1,"ks":{"o":{"a":0,"k":100,"ix":11},"r":{"a":0,"k":135,"ix":10},"p":{"a":1,"k":[{"i":{"x":0.667,"y":1},"o":{"x":0.333,"y":0},"n":"0p667_1_0p333_0","t":0,"s":[-60,-60,0],"e":[0,0,0],"to":[10,10,0],"ti":[0,0,0]},{"i":{"x":0.667,"y":1},"o":{"x":0.333,"y":0},"n":"0p667_1_0p333_0","t":120,"s":[0,0,0],"e":[-60,-60,0],"to":[0,0,0],"ti":[10,10,0]},{"t":239}],"ix":2},"a":{"a":0,"k":[325,325,0],"ix":1},"s":{"a":0,"k":[120.482,120.482,100],"ix":6}},"ao":0,"shapes":[{"ty":"gr","it":[{"ind":0,"ty":"sh","ix":1,"ks":{"a":0,"k":{"i":[[89.935,0],[0,-89.937],[-89.67,-0.312],[0,0],[0,89.083],[-89.303,0],[0,-89.305],[89.067,-0.278],[0,0],[0,89.778]],"o":[[-89.935,0],[0,89.741],[0,0],[-89.001,-0.354],[0,-89.305],[89.303,0],[0,89.13],[0,0],[89.72,-0.253],[0,-89.937]],"v":[[0,-162.852],[-162.842,-0.009],[0,162.852],[0,161.727],[-161.699,-0.009],[0,-161.708],[161.698,-0.009],[0,161.727],[0,162.852],[162.841,-0.009]],"c":true},"ix":2},"nm":"Path 2","mn":"ADBE Vector Shape - Group","hd":false},{"ty":"gf","o":{"a":0,"k":100,"ix":10},"r":1,"g":{"p":3,"k":{"a":0,"k":[0,0.639,0,1,0.5,0.32,0.5,0.929,1,0,1,0.859],"ix":9}},"s":{"a":0,"k":[-266.804,275.885],"ix":5},"e":{"a":0,"k":[368.061,-379.334],"ix":6},"t":1,"nm":"Gradient Fill 1","mn":"ADBE Vector Graphic - G-Fill","hd":false},{"ty":"tr","p":{"a":0,"k":[325,162.852],"ix":2},"a":{"a":0,"k":[0,0],"ix":1},"s":{"a":0,"k":[100,100],"ix":3},"r":{"a":0,"k":0,"ix":6},"o":{"a":0,"k":100,"ix":7},"sk":{"a":0,"k":0,"ix":4},"sa":{"a":0,"k":0,"ix":5},"nm":"Transform"}],"nm":"Group 1","np":2,"cix":2,"ix":1,"mn":"ADBE Vector Group","hd":false}],"ip":0,"op":240,"st":0,"bm":0},{"ddd":0,"ind":7,"ty":4,"nm":"3","parent":1,"sr":1,"ks":{"o":{"a":0,"k":100,"ix":11},"r":{"a":0,"k":90,"ix":10},"p":{"a":1,"k":[{"i":{"x":0.667,"y":1},"o":{"x":0.333,"y":0},"n":"0p667_1_0p333_0","t":0,"s":[-90,0,0],"e":[0,0,0],"to":[15,0,0],"ti":[0,0,0]},{"i":{"x":0.667,"y":1},"o":{"x":0.333,"y":0},"n":"0p667_1_0p333_0","t":120,"s":[0,0,0],"e":[-90,0,0],"to":[0,0,0],"ti":[15,0,0]},{"t":239}],"ix":2},"a":{"a":0,"k":[325,325,0],"ix":1},"s":{"a":0,"k":[120.482,120.482,100],"ix":6}},"ao":0,"shapes":[{"ty":"gr","it":[{"ind":0,"ty":"sh","ix":1,"ks":{"a":0,"k":{"i":[[89.935,0],[0,-89.937],[-89.67,-0.312],[0,0],[0,89.083],[-89.303,0],[0,-89.305],[89.067,-0.278],[0,0],[0,89.778]],"o":[[-89.935,0],[0,89.741],[0,0],[-89.001,-0.354],[0,-89.305],[89.303,0],[0,89.13],[0,0],[89.72,-0.253],[0,-89.937]],"v":[[0,-162.852],[-162.842,-0.009],[0,162.852],[0,161.727],[-161.699,-0.009],[0,-161.708],[161.698,-0.009],[0,161.727],[0,162.852],[162.841,-0.009]],"c":true},"ix":2},"nm":"Path 2","mn":"ADBE Vector Shape - Group","hd":false},{"ty":"gf","o":{"a":0,"k":100,"ix":10},"r":1,"g":{"p":3,"k":{"a":0,"k":[0,0.639,0,1,0.5,0.32,0.5,0.929,1,0,1,0.859],"ix":9}},"s":{"a":0,"k":[272.333,-277.834],"ix":5},"e":{"a":0,"k":[-416.113,426.279],"ix":6},"t":1,"nm":"Gradient Fill 1","mn":"ADBE Vector Graphic - G-Fill","hd":false},{"ty":"tr","p":{"a":0,"k":[325,162.852],"ix":2},"a":{"a":0,"k":[0,0],"ix":1},"s":{"a":0,"k":[100,100],"ix":3},"r":{"a":0,"k":0,"ix":6},"o":{"a":0,"k":100,"ix":7},"sk":{"a":0,"k":0,"ix":4},"sa":{"a":0,"k":0,"ix":5},"nm":"Transform"}],"nm":"Group 1","np":2,"cix":2,"ix":1,"mn":"ADBE Vector Group","hd":false}],"ip":0,"op":240,"st":0,"bm":0},{"ddd":0,"ind":8,"ty":4,"nm":"2","parent":1,"sr":1,"ks":{"o":{"a":0,"k":100,"ix":11},"r":{"a":0,"k":45,"ix":10},"p":{"a":1,"k":[{"i":{"x":0.667,"y":1},"o":{"x":0.333,"y":0},"n":"0p667_1_0p333_0","t":0,"s":[-60,60,0],"e":[0,0,0],"to":[10,-10,0],"ti":[0,0,0]},{"i":{"x":0.667,"y":1},"o":{"x":0.333,"y":0},"n":"0p667_1_0p333_0","t":120,"s":[0,0,0],"e":[-60,60,0],"to":[0,0,0],"ti":[10,-10,0]},{"t":239}],"ix":2},"a":{"a":0,"k":[325,325,0],"ix":1},"s":{"a":0,"k":[120.482,120.482,100],"ix":6}},"ao":0,"shapes":[{"ty":"gr","it":[{"ind":0,"ty":"sh","ix":1,"ks":{"a":0,"k":{"i":[[89.935,0],[0,-89.937],[-89.67,-0.312],[0,0],[0,89.083],[-89.303,0],[0,-89.305],[89.067,-0.278],[0,0],[0,89.778]],"o":[[-89.935,0],[0,89.741],[0,0],[-89.001,-0.354],[0,-89.305],[89.303,0],[0,89.13],[0,0],[89.72,-0.253],[0,-89.937]],"v":[[0,-162.852],[-162.842,-0.009],[0,162.852],[0,161.727],[-161.699,-0.009],[0,-161.708],[161.698,-0.009],[0,161.727],[0,162.852],[162.841,-0.009]],"c":true},"ix":2},"nm":"Path 2","mn":"ADBE Vector Shape - Group","hd":false},{"ty":"gf","o":{"a":0,"k":100,"ix":10},"r":1,"g":{"p":3,"k":{"a":0,"k":[0,0.639,0,1,0.5,0.32,0.5,0.929,1,0,1,0.859],"ix":9}},"s":{"a":0,"k":[273.165,-284.22],"ix":5},"e":{"a":0,"k":[-417.735,432.809],"ix":6},"t":1,"nm":"Gradient Fill 1","mn":"ADBE Vector Graphic - G-Fill","hd":false},{"ty":"tr","p":{"a":0,"k":[325,162.852],"ix":2},"a":{"a":0,"k":[0,0],"ix":1},"s":{"a":0,"k":[100,100],"ix":3},"r":{"a":0,"k":0,"ix":6},"o":{"a":0,"k":100,"ix":7},"sk":{"a":0,"k":0,"ix":4},"sa":{"a":0,"k":0,"ix":5},"nm":"Transform"}],"nm":"Group 1","np":2,"cix":2,"ix":1,"mn":"ADBE Vector Group","hd":false}],"ip":0,"op":240,"st":0,"bm":0},{"ddd":0,"ind":9,"ty":4,"nm":"1","parent":1,"sr":1,"ks":{"o":{"a":0,"k":100,"ix":11},"r":{"a":0,"k":0,"ix":10},"p":{"a":1,"k":[{"i":{"x":0.667,"y":1},"o":{"x":0.333,"y":0},"n":"0p667_1_0p333_0","t":0,"s":[0,90,0],"e":[0,0,0],"to":[0,-15,0],"ti":[0,0,0]},{"i":{"x":0.667,"y":1},"o":{"x":0.333,"y":0},"n":"0p667_1_0p333_0","t":120,"s":[0,0,0],"e":[0,90,0],"to":[0,0,0],"ti":[0,-15,0]},{"t":239}],"ix":2},"a":{"a":0,"k":[325,325,0],"ix":1},"s":{"a":0,"k":[120.482,120.482,100],"ix":6}},"ao":0,"shapes":[{"ty":"gr","it":[{"ind":0,"ty":"sh","ix":1,"ks":{"a":0,"k":{"i":[[89.935,0],[0,-89.937],[-89.67,-0.312],[0,0],[0,89.083],[-89.303,0],[0,-89.305],[89.067,-0.278],[0,0],[0,89.778]],"o":[[-89.935,0],[0,89.741],[0,0],[-89.001,-0.354],[0,-89.305],[89.303,0],[0,89.13],[0,0],[89.72,-0.253],[0,-89.937]],"v":[[0,-162.852],[-162.842,-0.009],[0,162.852],[0,161.727],[-161.699,-0.009],[0,-161.708],[161.698,-0.009],[0,161.727],[0,162.852],[162.841,-0.009]],"c":true},"ix":2},"nm":"Path 2","mn":"ADBE Vector Shape - Group","hd":false},{"ty":"gf","o":{"a":0,"k":100,"ix":10},"r":1,"g":{"p":3,"k":{"a":0,"k":[0,0.639,0,1,0.5,0.32,0.5,0.929,1,0,1,0.859],"ix":9}},"s":{"a":0,"k":[274.333,-275.247],"ix":5},"e":{"a":0,"k":[-419.33,429.3],"ix":6},"t":1,"nm":"Gradient Fill 1","mn":"ADBE Vector Graphic - G-Fill","hd":false},{"ty":"tr","p":{"a":0,"k":[325,162.852],"ix":2},"a":{"a":0,"k":[0,0],"ix":1},"s":{"a":0,"k":[100,100],"ix":3},"r":{"a":0,"k":0,"ix":6},"o":{"a":0,"k":100,"ix":7},"sk":{"a":0,"k":0,"ix":4},"sa":{"a":0,"k":0,"ix":5},"nm":"Transform"}],"nm":"Group 1","np":2,"cix":2,"ix":1,"mn":"ADBE Vector Group","hd":false}],"ip":0,"op":240,"st":0,"bm":0}],"markers":[]}