{"v":"5.3.4","fr":30,"ip":0,"op":240,"w":650,"h":650,"nm":"Flower_lottie_5","ddd":0,"assets":[],"layers":[{"ddd":0,"ind":1,"ty":3,"nm":"Null 4","sr":1,"ks":{"o":{"a":0,"k":0,"ix":11},"r":{"a":1,"k":[{"i":{"x":[0.667],"y":[1]},"o":{"x":[0.333],"y":[0]},"n":["0p667_1_0p333_0"],"t":0,"s":[0],"e":[90]},{"i":{"x":[0.667],"y":[1]},"o":{"x":[0.333],"y":[0]},"n":["0p667_1_0p333_0"],"t":120,"s":[90],"e":[0]},{"t":239}],"ix":10},"p":{"a":0,"k":[325,325,0],"ix":2},"a":{"a":0,"k":[0,0,0],"ix":1},"s":{"a":0,"k":[95,95,100],"ix":6}},"ao":0,"ip":0,"op":240,"st":0,"bm":0},{"ddd":0,"ind":2,"ty":4,"nm":"8","parent":1,"sr":1,"ks":{"o":{"a":0,"k":100,"ix":11},"r":{"a":0,"k":315,"ix":10},"p":{"a":1,"k":[{"i":{"x":0.667,"y":1},"o":{"x":0.333,"y":0},"n":"0p667_1_0p333_0","t":0,"s":[60,60,0],"e":[0,0,0],"to":[-10,-10,0],"ti":[0,0,0]},{"i":{"x":0.667,"y":1},"o":{"x":0.333,"y":0},"n":"0p667_1_0p333_0","t":120,"s":[0,0,0],"e":[60,60,0],"to":[0,0,0],"ti":[-10,-10,0]},{"t":239}],"ix":2},"a":{"a":0,"k":[325,325,0],"ix":1},"s":{"a":0,"k":[105.263,105.263,100],"ix":6}},"ao":0,"shapes":[{"ty":"gr","it":[{"ind":0,"ty":"sh","ix":1,"ks":{"a":0,"k":{"i":[[0,0],[-51.637,-51.637],[0,0],[0,0],[0,0],[-51.216,51.217],[0,0],[0,0],[51.216,-51.217],[0,0],[0,0],[0,0],[51.637,51.637],[0,0]],"o":[[-51.637,51.637],[0,0],[0,0],[0,0],[-51.216,-51.217],[0,0],[0,0],[51.216,51.217],[0,0],[0,0],[0,0],[51.637,-51.637],[0,0],[0,0]],"v":[[-69.253,-93.498],[-69.253,93.498],[-0.001,162.751],[-0.001,161.221],[-68.492,92.738],[-68.492,-92.737],[-0.001,-161.227],[68.491,-92.737],[68.491,92.738],[-0.001,161.221],[-0.001,162.751],[69.252,93.498],[69.252,-93.498],[-0.001,-162.751]],"c":true},"ix":2},"nm":"Path 2","mn":"ADBE Vector Shape - Group","hd":false},{"ty":"gf","o":{"a":0,"k":100,"ix":10},"r":1,"g":{"p":5,"k":{"a":0,"k":[0,0.42,0.384,0.906,0.219,0.661,0.341,0.675,0.438,0.902,0.298,0.443,0.719,0.949,0.531,0.41,1,0.996,0.765,0.376],"ix":9}},"s":{"a":0,"k":[-8.295,163.631],"ix":5},"e":{"a":0,"k":[7.324,-227.518],"ix":6},"t":1,"nm":"Gradient Fill 1","mn":"ADBE Vector Graphic - G-Fill","hd":false},{"ty":"tr","p":{"a":0,"k":[325.177,162.85],"ix":2},"a":{"a":0,"k":[0,0],"ix":1},"s":{"a":0,"k":[100,100],"ix":3},"r":{"a":0,"k":0,"ix":6},"o":{"a":0,"k":100,"ix":7},"sk":{"a":0,"k":0,"ix":4},"sa":{"a":0,"k":0,"ix":5},"nm":"Transform"}],"nm":"Group 1","np":2,"cix":2,"ix":1,"mn":"ADBE Vector Group","hd":false}],"ip":0,"op":240,"st":0,"bm":0},{"ddd":0,"ind":3,"ty":4,"nm":"7","parent":1,"sr":1,"ks":{"o":{"a":0,"k":100,"ix":11},"r":{"a":0,"k":270,"ix":10},"p":{"a":1,"k":[{"i":{"x":0.667,"y":1},"o":{"x":0.333,"y":0},"n":"0p667_1_0p333_0","t":0,"s":[90,0,0],"e":[0,0,0],"to":[-15,0,0],"ti":[0,0,0]},{"i":{"x":0.667,"y":1},"o":{"x":0.333,"y":0},"n":"0p667_1_0p333_0","t":120,"s":[0,0,0],"e":[90,0,0],"to":[0,0,0],"ti":[-15,0,0]},{"t":239}],"ix":2},"a":{"a":0,"k":[325,325,0],"ix":1},"s":{"a":0,"k":[105.263,105.263,100],"ix":6}},"ao":0,"shapes":[{"ty":"gr","it":[{"ind":0,"ty":"sh","ix":1,"ks":{"a":0,"k":{"i":[[0,0],[-51.637,-51.637],[0,0],[0,0],[0,0],[-51.216,51.217],[0,0],[0,0],[51.216,-51.217],[0,0],[0,0],[0,0],[51.637,51.637],[0,0]],"o":[[-51.637,51.637],[0,0],[0,0],[0,0],[-51.216,-51.217],[0,0],[0,0],[51.216,51.217],[0,0],[0,0],[0,0],[51.637,-51.637],[0,0],[0,0]],"v":[[-69.253,-93.498],[-69.253,93.498],[-0.001,162.751],[-0.001,161.221],[-68.492,92.738],[-68.492,-92.737],[-0.001,-161.227],[68.491,-92.737],[68.491,92.738],[-0.001,161.221],[-0.001,162.751],[69.252,93.498],[69.252,-93.498],[-0.001,-162.751]],"c":true},"ix":2},"nm":"Path 2","mn":"ADBE Vector Shape - Group","hd":false},{"ty":"gf","o":{"a":0,"k":100,"ix":10},"r":1,"g":{"p":5,"k":{"a":0,"k":[0,0.42,0.384,0.906,0.219,0.661,0.341,0.675,0.438,0.902,0.298,0.443,0.719,0.949,0.531,0.41,1,0.996,0.765,0.376],"ix":9}},"s":{"a":0,"k":[-115.283,157.4],"ix":5},"e":{"a":0,"k":[181.063,-248.513],"ix":6},"t":1,"nm":"Gradient Fill 1","mn":"ADBE Vector Graphic - G-Fill","hd":false},{"ty":"tr","p":{"a":0,"k":[325.177,162.85],"ix":2},"a":{"a":0,"k":[0,0],"ix":1},"s":{"a":0,"k":[100,100],"ix":3},"r":{"a":0,"k":0,"ix":6},"o":{"a":0,"k":100,"ix":7},"sk":{"a":0,"k":0,"ix":4},"sa":{"a":0,"k":0,"ix":5},"nm":"Transform"}],"nm":"Group 1","np":2,"cix":2,"ix":1,"mn":"ADBE Vector Group","hd":false}],"ip":0,"op":240,"st":0,"bm":0},{"ddd":0,"ind":4,"ty":4,"nm":"6","parent":1,"sr":1,"ks":{"o":{"a":0,"k":100,"ix":11},"r":{"a":0,"k":225,"ix":10},"p":{"a":1,"k":[{"i":{"x":0.667,"y":1},"o":{"x":0.333,"y":0},"n":"0p667_1_0p333_0","t":0,"s":[60,-60,0],"e":[0,0,0],"to":[-10,10,0],"ti":[0,0,0]},{"i":{"x":0.667,"y":1},"o":{"x":0.333,"y":0},"n":"0p667_1_0p333_0","t":120,"s":[0,0,0],"e":[60,-60,0],"to":[0,0,0],"ti":[-10,10,0]},{"t":239}],"ix":2},"a":{"a":0,"k":[325,325,0],"ix":1},"s":{"a":0,"k":[105.263,105.263,100],"ix":6}},"ao":0,"shapes":[{"ty":"gr","it":[{"ind":0,"ty":"sh","ix":1,"ks":{"a":0,"k":{"i":[[0,0],[-51.637,-51.637],[0,0],[0,0],[0,0],[-51.216,51.217],[0,0],[0,0],[51.216,-51.217],[0,0],[0,0],[0,0],[51.637,51.637],[0,0]],"o":[[-51.637,51.637],[0,0],[0,0],[0,0],[-51.216,-51.217],[0,0],[0,0],[51.216,51.217],[0,0],[0,0],[0,0],[51.637,-51.637],[0,0],[0,0]],"v":[[-69.253,-93.498],[-69.253,93.498],[-0.001,162.751],[-0.001,161.221],[-68.492,92.738],[-68.492,-92.737],[-0.001,-161.227],[68.491,-92.737],[68.491,92.738],[-0.001,161.221],[-0.001,162.751],[69.252,93.498],[69.252,-93.498],[-0.001,-162.751]],"c":true},"ix":2},"nm":"Path 2","mn":"ADBE Vector Shape - Group","hd":false},{"ty":"gf","o":{"a":0,"k":100,"ix":10},"r":1,"g":{"p":5,"k":{"a":0,"k":[0,0.42,0.384,0.906,0.219,0.661,0.341,0.675,0.438,0.902,0.298,0.443,0.719,0.949,0.531,0.41,1,0.996,0.765,0.376],"ix":9}},"s":{"a":0,"k":[-162.617,-7.584],"ix":5},"e":{"a":0,"k":[226.106,7.218],"ix":6},"t":1,"nm":"Gradient Fill 1","mn":"ADBE Vector Graphic - G-Fill","hd":false},{"ty":"tr","p":{"a":0,"k":[325.177,162.85],"ix":2},"a":{"a":0,"k":[0,0],"ix":1},"s":{"a":0,"k":[100,100],"ix":3},"r":{"a":0,"k":0,"ix":6},"o":{"a":0,"k":100,"ix":7},"sk":{"a":0,"k":0,"ix":4},"sa":{"a":0,"k":0,"ix":5},"nm":"Transform"}],"nm":"Group 1","np":2,"cix":2,"ix":1,"mn":"ADBE Vector Group","hd":false}],"ip":0,"op":240,"st":0,"bm":0},{"ddd":0,"ind":5,"ty":4,"nm":"5","parent":1,"sr":1,"ks":{"o":{"a":0,"k":100,"ix":11},"r":{"a":0,"k":180,"ix":10},"p":{"a":1,"k":[{"i":{"x":0.667,"y":1},"o":{"x":0.333,"y":0},"n":"0p667_1_0p333_0","t":0,"s":[0,-90,0],"e":[0,0,0],"to":[0,15,0],"ti":[0,0,0]},{"i":{"x":0.667,"y":1},"o":{"x":0.333,"y":0},"n":"0p667_1_0p333_0","t":120,"s":[0,0,0],"e":[0,-90,0],"to":[0,0,0],"ti":[0,15,0]},{"t":239}],"ix":2},"a":{"a":0,"k":[325,325,0],"ix":1},"s":{"a":0,"k":[105.263,105.263,100],"ix":6}},"ao":0,"shapes":[{"ty":"gr","it":[{"ind":0,"ty":"sh","ix":1,"ks":{"a":0,"k":{"i":[[0,0],[-51.637,-51.637],[0,0],[0,0],[0,0],[-51.216,51.217],[0,0],[0,0],[51.216,-51.217],[0,0],[0,0],[0,0],[51.637,51.637],[0,0]],"o":[[-51.637,51.637],[0,0],[0,0],[0,0],[-51.216,-51.217],[0,0],[0,0],[51.216,51.217],[0,0],[0,0],[0,0],[51.637,-51.637],[0,0],[0,0]],"v":[[-69.253,-93.498],[-69.253,93.498],[-0.001,162.751],[-0.001,161.221],[-68.492,92.738],[-68.492,-92.737],[-0.001,-161.227],[68.491,-92.737],[68.491,92.738],[-0.001,161.221],[-0.001,162.751],[69.252,93.498],[69.252,-93.498],[-0.001,-162.751]],"c":true},"ix":2},"nm":"Path 2","mn":"ADBE Vector Shape - Group","hd":false},{"ty":"gf","o":{"a":0,"k":100,"ix":10},"r":1,"g":{"p":5,"k":{"a":0,"k":[0,0.42,0.384,0.906,0.219,0.661,0.341,0.675,0.438,0.902,0.298,0.443,0.719,0.949,0.531,0.41,1,0.996,0.765,0.376],"ix":9}},"s":{"a":0,"k":[-105.928,-159.971],"ix":5},"e":{"a":0,"k":[141.435,238.092],"ix":6},"t":1,"nm":"Gradient Fill 1","mn":"ADBE Vector Graphic - G-Fill","hd":false},{"ty":"tr","p":{"a":0,"k":[325.177,162.85],"ix":2},"a":{"a":0,"k":[0,0],"ix":1},"s":{"a":0,"k":[100,100],"ix":3},"r":{"a":0,"k":0,"ix":6},"o":{"a":0,"k":100,"ix":7},"sk":{"a":0,"k":0,"ix":4},"sa":{"a":0,"k":0,"ix":5},"nm":"Transform"}],"nm":"Group 1","np":2,"cix":2,"ix":1,"mn":"ADBE Vector Group","hd":false}],"ip":0,"op":240,"st":0,"bm":0},{"ddd":0,"ind":6,"ty":4,"nm":"4","parent":1,"sr":1,"ks":{"o":{"a":0,"k":100,"ix":11},"r":{"a":0,"k":135,"ix":10},"p":{"a":1,"k":[{"i":{"x":0.667,"y":1},"o":{"x":0.333,"y":0},"n":"0p667_1_0p333_0","t":0,"s":[-60,-60,0],"e":[0,0,0],"to":[10,10,0],"ti":[0,0,0]},{"i":{"x":0.667,"y":1},"o":{"x":0.333,"y":0},"n":"0p667_1_0p333_0","t":120,"s":[0,0,0],"e":[-60,-60,0],"to":[0,0,0],"ti":[10,10,0]},{"t":239}],"ix":2},"a":{"a":0,"k":[325,325,0],"ix":1},"s":{"a":0,"k":[105.263,105.263,100],"ix":6}},"ao":0,"shapes":[{"ty":"gr","it":[{"ind":0,"ty":"sh","ix":1,"ks":{"a":0,"k":{"i":[[0,0],[-51.637,-51.637],[0,0],[0,0],[0,0],[-51.216,51.217],[0,0],[0,0],[51.216,-51.217],[0,0],[0,0],[0,0],[51.637,51.637],[0,0]],"o":[[-51.637,51.637],[0,0],[0,0],[0,0],[-51.216,-51.217],[0,0],[0,0],[51.216,51.217],[0,0],[0,0],[0,0],[51.637,-51.637],[0,0],[0,0]],"v":[[-69.253,-93.498],[-69.253,93.498],[-0.001,162.751],[-0.001,161.221],[-68.492,92.738],[-68.492,-92.737],[-0.001,-161.227],[68.491,-92.737],[68.491,92.738],[-0.001,161.221],[-0.001,162.751],[69.252,93.498],[69.252,-93.498],[-0.001,-162.751]],"c":true},"ix":2},"nm":"Path 2","mn":"ADBE Vector Shape - Group","hd":false},{"ty":"gf","o":{"a":0,"k":100,"ix":10},"r":1,"g":{"p":5,"k":{"a":0,"k":[0,0.42,0.384,0.906,0.219,0.661,0.341,0.675,0.438,0.902,0.298,0.443,0.719,0.949,0.531,0.41,1,0.996,0.765,0.376],"ix":9}},"s":{"a":0,"k":[9.03,-165.04],"ix":5},"e":{"a":0,"k":[-6.899,229.97],"ix":6},"t":1,"nm":"Gradient Fill 1","mn":"ADBE Vector Graphic - G-Fill","hd":false},{"ty":"tr","p":{"a":0,"k":[325.177,162.85],"ix":2},"a":{"a":0,"k":[0,0],"ix":1},"s":{"a":0,"k":[100,100],"ix":3},"r":{"a":0,"k":0,"ix":6},"o":{"a":0,"k":100,"ix":7},"sk":{"a":0,"k":0,"ix":4},"sa":{"a":0,"k":0,"ix":5},"nm":"Transform"}],"nm":"Group 1","np":2,"cix":2,"ix":1,"mn":"ADBE Vector Group","hd":false}],"ip":0,"op":240,"st":0,"bm":0},{"ddd":0,"ind":7,"ty":4,"nm":"3","parent":1,"sr":1,"ks":{"o":{"a":0,"k":100,"ix":11},"r":{"a":0,"k":90,"ix":10},"p":{"a":1,"k":[{"i":{"x":0.667,"y":1},"o":{"x":0.333,"y":0},"n":"0p667_1_0p333_0","t":0,"s":[-90,0,0],"e":[0,0,0],"to":[15,0,0],"ti":[0,0,0]},{"i":{"x":0.667,"y":1},"o":{"x":0.333,"y":0},"n":"0p667_1_0p333_0","t":120,"s":[0,0,0],"e":[-90,0,0],"to":[0,0,0],"ti":[15,0,0]},{"t":239}],"ix":2},"a":{"a":0,"k":[325,325,0],"ix":1},"s":{"a":0,"k":[105.263,105.263,100],"ix":6}},"ao":0,"shapes":[{"ty":"gr","it":[{"ind":0,"ty":"sh","ix":1,"ks":{"a":0,"k":{"i":[[0,0],[-51.637,-51.637],[0,0],[0,0],[0,0],[-51.216,51.217],[0,0],[0,0],[51.216,-51.217],[0,0],[0,0],[0,0],[51.637,51.637],[0,0]],"o":[[-51.637,51.637],[0,0],[0,0],[0,0],[-51.216,-51.217],[0,0],[0,0],[51.216,51.217],[0,0],[0,0],[0,0],[51.637,-51.637],[0,0],[0,0]],"v":[[-69.253,-93.498],[-69.253,93.498],[-0.001,162.751],[-0.001,161.221],[-68.492,92.738],[-68.492,-92.737],[-0.001,-161.227],[68.491,-92.737],[68.491,92.738],[-0.001,161.221],[-0.001,162.751],[69.252,93.498],[69.252,-93.498],[-0.001,-162.751]],"c":true},"ix":2},"nm":"Path 2","mn":"ADBE Vector Shape - Group","hd":false},{"ty":"gf","o":{"a":0,"k":100,"ix":10},"r":1,"g":{"p":5,"k":{"a":0,"k":[0,0.42,0.384,0.906,0.219,0.661,0.341,0.675,0.438,0.902,0.298,0.443,0.719,0.949,0.531,0.41,1,0.996,0.765,0.376],"ix":9}},"s":{"a":0,"k":[110.967,-153.602],"ix":5},"e":{"a":0,"k":[-154.564,216.922],"ix":6},"t":1,"nm":"Gradient Fill 1","mn":"ADBE Vector Graphic - G-Fill","hd":false},{"ty":"tr","p":{"a":0,"k":[325.177,162.85],"ix":2},"a":{"a":0,"k":[0,0],"ix":1},"s":{"a":0,"k":[100,100],"ix":3},"r":{"a":0,"k":0,"ix":6},"o":{"a":0,"k":100,"ix":7},"sk":{"a":0,"k":0,"ix":4},"sa":{"a":0,"k":0,"ix":5},"nm":"Transform"}],"nm":"Group 1","np":2,"cix":2,"ix":1,"mn":"ADBE Vector Group","hd":false}],"ip":0,"op":240,"st":0,"bm":0},{"ddd":0,"ind":8,"ty":4,"nm":"2","parent":1,"sr":1,"ks":{"o":{"a":0,"k":100,"ix":11},"r":{"a":0,"k":45,"ix":10},"p":{"a":1,"k":[{"i":{"x":0.667,"y":1},"o":{"x":0.333,"y":0},"n":"0p667_1_0p333_0","t":0,"s":[-60,60,0],"e":[0,0,0],"to":[10,-10,0],"ti":[0,0,0]},{"i":{"x":0.667,"y":1},"o":{"x":0.333,"y":0},"n":"0p667_1_0p333_0","t":120,"s":[0,0,0],"e":[-60,60,0],"to":[0,0,0],"ti":[10,-10,0]},{"t":239}],"ix":2},"a":{"a":0,"k":[325,325,0],"ix":1},"s":{"a":0,"k":[105.263,105.263,100],"ix":6}},"ao":0,"shapes":[{"ty":"gr","it":[{"ind":0,"ty":"sh","ix":1,"ks":{"a":0,"k":{"i":[[0,0],[-51.637,-51.637],[0,0],[0,0],[0,0],[-51.216,51.217],[0,0],[0,0],[51.216,-51.217],[0,0],[0,0],[0,0],[51.637,51.637],[0,0]],"o":[[-51.637,51.637],[0,0],[0,0],[0,0],[-51.216,-51.217],[0,0],[0,0],[51.216,51.217],[0,0],[0,0],[0,0],[51.637,-51.637],[0,0],[0,0]],"v":[[-69.253,-93.498],[-69.253,93.498],[-0.001,162.751],[-0.001,161.221],[-68.492,92.738],[-68.492,-92.737],[-0.001,-161.227],[68.491,-92.737],[68.491,92.738],[-0.001,161.221],[-0.001,162.751],[69.252,93.498],[69.252,-93.498],[-0.001,-162.751]],"c":true},"ix":2},"nm":"Path 2","mn":"ADBE Vector Shape - Group","hd":false},{"ty":"gf","o":{"a":0,"k":100,"ix":10},"r":1,"g":{"p":5,"k":{"a":0,"k":[0,0.42,0.384,0.906,0.219,0.661,0.341,0.675,0.438,0.902,0.298,0.443,0.719,0.949,0.531,0.41,1,0.996,0.765,0.376],"ix":9}},"s":{"a":0,"k":[161.945,7.379],"ix":5},"e":{"a":0,"k":[-225.978,-7.908],"ix":6},"t":1,"nm":"Gradient Fill 1","mn":"ADBE Vector Graphic - G-Fill","hd":false},{"ty":"tr","p":{"a":0,"k":[325.177,162.85],"ix":2},"a":{"a":0,"k":[0,0],"ix":1},"s":{"a":0,"k":[100,100],"ix":3},"r":{"a":0,"k":0,"ix":6},"o":{"a":0,"k":100,"ix":7},"sk":{"a":0,"k":0,"ix":4},"sa":{"a":0,"k":0,"ix":5},"nm":"Transform"}],"nm":"Group 1","np":2,"cix":2,"ix":1,"mn":"ADBE Vector Group","hd":false}],"ip":0,"op":240,"st":0,"bm":0},{"ddd":0,"ind":9,"ty":4,"nm":"1","parent":1,"sr":1,"ks":{"o":{"a":0,"k":100,"ix":11},"r":{"a":0,"k":0,"ix":10},"p":{"a":1,"k":[{"i":{"x":0.667,"y":1},"o":{"x":0.333,"y":0},"n":"0p667_1_0p333_0","t":0,"s":[0,90,0],"e":[0,0,0],"to":[0,-15,0],"ti":[0,0,0]},{"i":{"x":0.667,"y":1},"o":{"x":0.333,"y":0},"n":"0p667_1_0p333_0","t":120,"s":[0,0,0],"e":[0,90,0],"to":[0,0,0],"ti":[0,-15,0]},{"t":239}],"ix":2},"a":{"a":0,"k":[325,325,0],"ix":1},"s":{"a":0,"k":[105.263,105.263,100],"ix":6}},"ao":0,"shapes":[{"ty":"gr","it":[{"ind":0,"ty":"sh","ix":1,"ks":{"a":0,"k":{"i":[[0,0],[-51.637,-51.637],[0,0],[0,0],[0,0],[-51.216,51.217],[0,0],[0,0],[51.216,-51.217],[0,0],[0,0],[0,0],[51.637,51.637],[0,0]],"o":[[-51.637,51.637],[0,0],[0,0],[0,0],[-51.216,-51.217],[0,0],[0,0],[51.216,51.217],[0,0],[0,0],[0,0],[51.637,-51.637],[0,0],[0,0]],"v":[[-69.253,-93.498],[-69.253,93.498],[-0.001,162.751],[-0.001,161.221],[-68.492,92.738],[-68.492,-92.737],[-0.001,-161.227],[68.491,-92.737],[68.491,92.738],[-0.001,161.221],[-0.001,162.751],[69.252,93.498],[69.252,-93.498],[-0.001,-162.751]],"c":true},"ix":2},"nm":"Path 2","mn":"ADBE Vector Shape - Group","hd":false},{"ty":"gf","o":{"a":0,"k":100,"ix":10},"r":1,"g":{"p":5,"k":{"a":0,"k":[0,0.42,0.384,0.906,0.219,0.661,0.341,0.675,0.438,0.902,0.298,0.443,0.719,0.949,0.531,0.41,1,0.996,0.765,0.376],"ix":9}},"s":{"a":0,"k":[102.494,169.943],"ix":5},"e":{"a":0,"k":[-171.976,-271.841],"ix":6},"t":1,"nm":"Gradient Fill 1","mn":"ADBE Vector Graphic - G-Fill","hd":false},{"ty":"tr","p":{"a":0,"k":[325.177,162.85],"ix":2},"a":{"a":0,"k":[0,0],"ix":1},"s":{"a":0,"k":[100,100],"ix":3},"r":{"a":0,"k":0,"ix":6},"o":{"a":0,"k":100,"ix":7},"sk":{"a":0,"k":0,"ix":4},"sa":{"a":0,"k":0,"ix":5},"nm":"Transform"}],"nm":"Group 1","np":2,"cix":2,"ix":1,"mn":"ADBE Vector Group","hd":false}],"ip":0,"op":240,"st":0,"bm":0}],"markers":[]}