{"v":"5.3.4","fr":30,"ip":0,"op":240,"w":650,"h":650,"nm":"Flower_lottie_10","ddd":0,"assets":[],"layers":[{"ddd":0,"ind":1,"ty":3,"nm":"Null 4","sr":1,"ks":{"o":{"a":0,"k":0,"ix":11},"r":{"a":1,"k":[{"i":{"x":[0.667],"y":[1]},"o":{"x":[0.333],"y":[0]},"n":["0p667_1_0p333_0"],"t":0,"s":[0],"e":[90]},{"i":{"x":[0.667],"y":[1]},"o":{"x":[0.333],"y":[0]},"n":["0p667_1_0p333_0"],"t":120,"s":[90],"e":[0]},{"t":239}],"ix":10},"p":{"a":0,"k":[325,325,0],"ix":2},"a":{"a":0,"k":[0,0,0],"ix":1},"s":{"a":0,"k":[83,83,100],"ix":6}},"ao":0,"ip":0,"op":240,"st":0,"bm":0},{"ddd":0,"ind":2,"ty":4,"nm":"8","parent":1,"sr":1,"ks":{"o":{"a":0,"k":100,"ix":11},"r":{"a":0,"k":315,"ix":10},"p":{"a":1,"k":[{"i":{"x":0.667,"y":1},"o":{"x":0.333,"y":0},"n":"0p667_1_0p333_0","t":0,"s":[60,60,0],"e":[0,0,0],"to":[-10,-10,0],"ti":[0,0,0]},{"i":{"x":0.667,"y":1},"o":{"x":0.333,"y":0},"n":"0p667_1_0p333_0","t":120,"s":[0,0,0],"e":[60,60,0],"to":[0,0,0],"ti":[-10,-10,0]},{"t":239}],"ix":2},"a":{"a":0,"k":[325,325,0],"ix":1},"s":{"a":0,"k":[120.482,120.482,100],"ix":6}},"ao":0,"shapes":[{"ty":"gr","it":[{"ind":0,"ty":"sh","ix":1,"ks":{"a":0,"k":{"i":[[0,0],[0.071,-0.036],[0.071,0.003],[0,0],[0.043,-0.256],[30.284,-29.939],[6.515,-7.699],[-47.45,-47.45],[-33.318,-0.121],[0,0],[23.843,23.845],[-41.558,49.097],[0.808,-0.798],[-4.443,23.535],[-29.777,-29.439],[-6.463,-7.636],[47.064,-47.062],[33.037,-0.13],[0,0],[-24.095,24.096],[41.895,49.493],[-0.719,-0.715],[3.933,23.761],[0.233,0.006]],"o":[[-0.075,0.002],[-0.068,-0.035],[0,0],[-0.229,0.009],[-3.931,23.762],[0.851,-0.842],[-41.894,49.493],[24.043,24.043],[0,0],[-33.044,-0.126],[-47.064,-47.062],[6.473,-7.647],[29.782,-29.443],[4.442,23.532],[-0.689,-0.687],[41.559,49.097],[-23.841,23.841],[0,0],[33.394,-0.065],[47.449,-47.45],[-6.504,-7.686],[-30.279,-29.935],[-0.042,-0.26],[0,0]],"v":[[0.219,-162.618],[-0.003,-162.562],[-0.214,-162.618],[-0.253,-162.618],[-0.741,-162.189],[-52.013,-84.548],[-96.54,-40.85],[-90.098,125.402],[-0.223,162.618],[-0.223,161.609],[-89.372,124.677],[-95.758,-40.189],[-51.294,-83.819],[-0.001,-160.488],[51.286,-83.824],[95.757,-40.189],[89.372,124.677],[-0.223,161.609],[-0.223,162.618],[90.096,125.402],[96.538,-40.85],[52.007,-84.553],[0.737,-162.189],[0.241,-162.618]],"c":true},"ix":2},"nm":"Path 1","mn":"ADBE Vector Shape - Group","hd":false},{"ty":"gf","o":{"a":0,"k":100,"ix":10},"r":1,"g":{"p":5,"k":{"a":0,"k":[0,1,1,1,0.277,0.69,0.637,1,0.554,0.38,0.275,1,0.777,0.665,0.275,0.784,1,0.949,0.275,0.569],"ix":9}},"s":{"a":0,"k":[-178.627,-103.214],"ix":5},"e":{"a":0,"k":[76.845,152.084],"ix":6},"t":1,"nm":"Gradient Fill 1","mn":"ADBE Vector Graphic - G-Fill","hd":false},{"ty":"tr","p":{"a":0,"k":[325.223,162.618],"ix":2},"a":{"a":0,"k":[0,0],"ix":1},"s":{"a":0,"k":[100,100],"ix":3},"r":{"a":0,"k":0,"ix":6},"o":{"a":0,"k":100,"ix":7},"sk":{"a":0,"k":0,"ix":4},"sa":{"a":0,"k":0,"ix":5},"nm":"Transform"}],"nm":"Group 1","np":2,"cix":2,"ix":1,"mn":"ADBE Vector Group","hd":false}],"ip":0,"op":240,"st":0,"bm":0},{"ddd":0,"ind":3,"ty":4,"nm":"7","parent":1,"sr":1,"ks":{"o":{"a":0,"k":100,"ix":11},"r":{"a":0,"k":270,"ix":10},"p":{"a":1,"k":[{"i":{"x":0.667,"y":1},"o":{"x":0.333,"y":0},"n":"0p667_1_0p333_0","t":0,"s":[90,0,0],"e":[0,0,0],"to":[-15,0,0],"ti":[0,0,0]},{"i":{"x":0.667,"y":1},"o":{"x":0.333,"y":0},"n":"0p667_1_0p333_0","t":120,"s":[0,0,0],"e":[90,0,0],"to":[0,0,0],"ti":[-15,0,0]},{"t":239}],"ix":2},"a":{"a":0,"k":[325,325,0],"ix":1},"s":{"a":0,"k":[120.482,120.482,100],"ix":6}},"ao":0,"shapes":[{"ty":"gr","it":[{"ind":0,"ty":"sh","ix":1,"ks":{"a":0,"k":{"i":[[0,0],[0.071,-0.036],[0.071,0.003],[0,0],[0.043,-0.256],[30.284,-29.939],[6.515,-7.699],[-47.45,-47.45],[-33.318,-0.121],[0,0],[23.843,23.845],[-41.558,49.097],[0.808,-0.798],[-4.443,23.535],[-29.777,-29.439],[-6.463,-7.636],[47.064,-47.062],[33.037,-0.13],[0,0],[-24.095,24.096],[41.895,49.493],[-0.719,-0.715],[3.933,23.761],[0.233,0.006]],"o":[[-0.075,0.002],[-0.068,-0.035],[0,0],[-0.229,0.009],[-3.931,23.762],[0.851,-0.842],[-41.894,49.493],[24.043,24.043],[0,0],[-33.044,-0.126],[-47.064,-47.062],[6.473,-7.647],[29.782,-29.443],[4.442,23.532],[-0.689,-0.687],[41.559,49.097],[-23.841,23.841],[0,0],[33.394,-0.065],[47.449,-47.45],[-6.504,-7.686],[-30.279,-29.935],[-0.042,-0.26],[0,0]],"v":[[0.219,-162.618],[-0.003,-162.562],[-0.214,-162.618],[-0.253,-162.618],[-0.741,-162.189],[-52.013,-84.548],[-96.54,-40.85],[-90.098,125.402],[-0.223,162.618],[-0.223,161.609],[-89.372,124.677],[-95.758,-40.189],[-51.294,-83.819],[-0.001,-160.488],[51.286,-83.824],[95.757,-40.189],[89.372,124.677],[-0.223,161.609],[-0.223,162.618],[90.096,125.402],[96.538,-40.85],[52.007,-84.553],[0.737,-162.189],[0.241,-162.618]],"c":true},"ix":2},"nm":"Path 1","mn":"ADBE Vector Shape - Group","hd":false},{"ty":"gf","o":{"a":0,"k":100,"ix":10},"r":1,"g":{"p":5,"k":{"a":0,"k":[0,1,1,1,0.277,0.69,0.637,1,0.554,0.38,0.275,1,0.777,0.665,0.275,0.784,1,0.949,0.275,0.569],"ix":9}},"s":{"a":0,"k":[-29.658,-247.311],"ix":5},"e":{"a":0,"k":[-21.745,159.178],"ix":6},"t":1,"nm":"Gradient Fill 1","mn":"ADBE Vector Graphic - G-Fill","hd":false},{"ty":"tr","p":{"a":0,"k":[325.223,162.618],"ix":2},"a":{"a":0,"k":[0,0],"ix":1},"s":{"a":0,"k":[100,100],"ix":3},"r":{"a":0,"k":0,"ix":6},"o":{"a":0,"k":100,"ix":7},"sk":{"a":0,"k":0,"ix":4},"sa":{"a":0,"k":0,"ix":5},"nm":"Transform"}],"nm":"Group 1","np":2,"cix":2,"ix":1,"mn":"ADBE Vector Group","hd":false}],"ip":0,"op":240,"st":0,"bm":0},{"ddd":0,"ind":4,"ty":4,"nm":"6","parent":1,"sr":1,"ks":{"o":{"a":0,"k":100,"ix":11},"r":{"a":0,"k":225,"ix":10},"p":{"a":1,"k":[{"i":{"x":0.667,"y":1},"o":{"x":0.333,"y":0},"n":"0p667_1_0p333_0","t":0,"s":[60,-60,0],"e":[0,0,0],"to":[-10,10,0],"ti":[0,0,0]},{"i":{"x":0.667,"y":1},"o":{"x":0.333,"y":0},"n":"0p667_1_0p333_0","t":120,"s":[0,0,0],"e":[60,-60,0],"to":[0,0,0],"ti":[-10,10,0]},{"t":239}],"ix":2},"a":{"a":0,"k":[325,325,0],"ix":1},"s":{"a":0,"k":[120.482,120.482,100],"ix":6}},"ao":0,"shapes":[{"ty":"gr","it":[{"ind":0,"ty":"sh","ix":1,"ks":{"a":0,"k":{"i":[[0,0],[0.071,-0.036],[0.071,0.003],[0,0],[0.043,-0.256],[30.284,-29.939],[6.515,-7.699],[-47.45,-47.45],[-33.318,-0.121],[0,0],[23.843,23.845],[-41.558,49.097],[0.808,-0.798],[-4.443,23.535],[-29.777,-29.439],[-6.463,-7.636],[47.064,-47.062],[33.037,-0.13],[0,0],[-24.095,24.096],[41.895,49.493],[-0.719,-0.715],[3.933,23.761],[0.233,0.006]],"o":[[-0.075,0.002],[-0.068,-0.035],[0,0],[-0.229,0.009],[-3.931,23.762],[0.851,-0.842],[-41.894,49.493],[24.043,24.043],[0,0],[-33.044,-0.126],[-47.064,-47.062],[6.473,-7.647],[29.782,-29.443],[4.442,23.532],[-0.689,-0.687],[41.559,49.097],[-23.841,23.841],[0,0],[33.394,-0.065],[47.449,-47.45],[-6.504,-7.686],[-30.279,-29.935],[-0.042,-0.26],[0,0]],"v":[[0.219,-162.618],[-0.003,-162.562],[-0.214,-162.618],[-0.253,-162.618],[-0.741,-162.189],[-52.013,-84.548],[-96.54,-40.85],[-90.098,125.402],[-0.223,162.618],[-0.223,161.609],[-89.372,124.677],[-95.758,-40.189],[-51.294,-83.819],[-0.001,-160.488],[51.286,-83.824],[95.757,-40.189],[89.372,124.677],[-0.223,161.609],[-0.223,162.618],[90.096,125.402],[96.538,-40.85],[52.007,-84.553],[0.737,-162.189],[0.241,-162.618]],"c":true},"ix":2},"nm":"Path 1","mn":"ADBE Vector Shape - Group","hd":false},{"ty":"gf","o":{"a":0,"k":100,"ix":10},"r":1,"g":{"p":5,"k":{"a":0,"k":[0,1,1,1,0.277,0.69,0.637,1,0.554,0.38,0.275,1,0.777,0.665,0.275,0.784,1,0.949,0.275,0.569],"ix":9}},"s":{"a":0,"k":[22.247,-241.905],"ix":5},"e":{"a":0,"k":[-216.619,-2.078],"ix":6},"t":1,"nm":"Gradient Fill 1","mn":"ADBE Vector Graphic - G-Fill","hd":false},{"ty":"tr","p":{"a":0,"k":[325.223,162.618],"ix":2},"a":{"a":0,"k":[0,0],"ix":1},"s":{"a":0,"k":[100,100],"ix":3},"r":{"a":0,"k":0,"ix":6},"o":{"a":0,"k":100,"ix":7},"sk":{"a":0,"k":0,"ix":4},"sa":{"a":0,"k":0,"ix":5},"nm":"Transform"}],"nm":"Group 1","np":2,"cix":2,"ix":1,"mn":"ADBE Vector Group","hd":false}],"ip":0,"op":240,"st":0,"bm":0},{"ddd":0,"ind":5,"ty":4,"nm":"5","parent":1,"sr":1,"ks":{"o":{"a":0,"k":100,"ix":11},"r":{"a":0,"k":180,"ix":10},"p":{"a":1,"k":[{"i":{"x":0.667,"y":1},"o":{"x":0.333,"y":0},"n":"0p667_1_0p333_0","t":0,"s":[0,-90,0],"e":[0,0,0],"to":[0,15,0],"ti":[0,0,0]},{"i":{"x":0.667,"y":1},"o":{"x":0.333,"y":0},"n":"0p667_1_0p333_0","t":120,"s":[0,0,0],"e":[0,-90,0],"to":[0,0,0],"ti":[0,15,0]},{"t":239}],"ix":2},"a":{"a":0,"k":[325,325,0],"ix":1},"s":{"a":0,"k":[120.482,120.482,100],"ix":6}},"ao":0,"shapes":[{"ty":"gr","it":[{"ind":0,"ty":"sh","ix":1,"ks":{"a":0,"k":{"i":[[0,0],[0.071,-0.036],[0.071,0.003],[0,0],[0.043,-0.256],[30.284,-29.939],[6.515,-7.699],[-47.45,-47.45],[-33.318,-0.121],[0,0],[23.843,23.845],[-41.558,49.097],[0.808,-0.798],[-4.443,23.535],[-29.777,-29.439],[-6.463,-7.636],[47.064,-47.062],[33.037,-0.13],[0,0],[-24.095,24.096],[41.895,49.493],[-0.719,-0.715],[3.933,23.761],[0.233,0.006]],"o":[[-0.075,0.002],[-0.068,-0.035],[0,0],[-0.229,0.009],[-3.931,23.762],[0.851,-0.842],[-41.894,49.493],[24.043,24.043],[0,0],[-33.044,-0.126],[-47.064,-47.062],[6.473,-7.647],[29.782,-29.443],[4.442,23.532],[-0.689,-0.687],[41.559,49.097],[-23.841,23.841],[0,0],[33.394,-0.065],[47.449,-47.45],[-6.504,-7.686],[-30.279,-29.935],[-0.042,-0.26],[0,0]],"v":[[0.219,-162.618],[-0.003,-162.562],[-0.214,-162.618],[-0.253,-162.618],[-0.741,-162.189],[-52.013,-84.548],[-96.54,-40.85],[-90.098,125.402],[-0.223,162.618],[-0.223,161.609],[-89.372,124.677],[-95.758,-40.189],[-51.294,-83.819],[-0.001,-160.488],[51.286,-83.824],[95.757,-40.189],[89.372,124.677],[-0.223,161.609],[-0.223,162.618],[90.096,125.402],[96.538,-40.85],[52.007,-84.553],[0.737,-162.189],[0.241,-162.618]],"c":true},"ix":2},"nm":"Path 1","mn":"ADBE Vector Shape - Group","hd":false},{"ty":"gf","o":{"a":0,"k":100,"ix":10},"r":1,"g":{"p":5,"k":{"a":0,"k":[0,1,1,1,0.277,0.69,0.637,1,0.554,0.38,0.275,1,0.777,0.665,0.275,0.784,1,0.949,0.275,0.569],"ix":9}},"s":{"a":0,"k":[177.166,-46.194],"ix":5},"e":{"a":0,"k":[-135.034,-42.357],"ix":6},"t":1,"nm":"Gradient Fill 1","mn":"ADBE Vector Graphic - G-Fill","hd":false},{"ty":"tr","p":{"a":0,"k":[325.223,162.618],"ix":2},"a":{"a":0,"k":[0,0],"ix":1},"s":{"a":0,"k":[100,100],"ix":3},"r":{"a":0,"k":0,"ix":6},"o":{"a":0,"k":100,"ix":7},"sk":{"a":0,"k":0,"ix":4},"sa":{"a":0,"k":0,"ix":5},"nm":"Transform"}],"nm":"Group 1","np":2,"cix":2,"ix":1,"mn":"ADBE Vector Group","hd":false}],"ip":0,"op":240,"st":0,"bm":0},{"ddd":0,"ind":6,"ty":4,"nm":"4","parent":1,"sr":1,"ks":{"o":{"a":0,"k":100,"ix":11},"r":{"a":0,"k":135,"ix":10},"p":{"a":1,"k":[{"i":{"x":0.667,"y":1},"o":{"x":0.333,"y":0},"n":"0p667_1_0p333_0","t":0,"s":[-60,-60,0],"e":[0,0,0],"to":[10,10,0],"ti":[0,0,0]},{"i":{"x":0.667,"y":1},"o":{"x":0.333,"y":0},"n":"0p667_1_0p333_0","t":120,"s":[0,0,0],"e":[-60,-60,0],"to":[0,0,0],"ti":[10,10,0]},{"t":239}],"ix":2},"a":{"a":0,"k":[325,325,0],"ix":1},"s":{"a":0,"k":[120.482,120.482,100],"ix":6}},"ao":0,"shapes":[{"ty":"gr","it":[{"ind":0,"ty":"sh","ix":1,"ks":{"a":0,"k":{"i":[[0,0],[0.071,-0.036],[0.071,0.003],[0,0],[0.043,-0.256],[30.284,-29.939],[6.515,-7.699],[-47.45,-47.45],[-33.318,-0.121],[0,0],[23.843,23.845],[-41.558,49.097],[0.808,-0.798],[-4.443,23.535],[-29.777,-29.439],[-6.463,-7.636],[47.064,-47.062],[33.037,-0.13],[0,0],[-24.095,24.096],[41.895,49.493],[-0.719,-0.715],[3.933,23.761],[0.233,0.006]],"o":[[-0.075,0.002],[-0.068,-0.035],[0,0],[-0.229,0.009],[-3.931,23.762],[0.851,-0.842],[-41.894,49.493],[24.043,24.043],[0,0],[-33.044,-0.126],[-47.064,-47.062],[6.473,-7.647],[29.782,-29.443],[4.442,23.532],[-0.689,-0.687],[41.559,49.097],[-23.841,23.841],[0,0],[33.394,-0.065],[47.449,-47.45],[-6.504,-7.686],[-30.279,-29.935],[-0.042,-0.26],[0,0]],"v":[[0.219,-162.618],[-0.003,-162.562],[-0.214,-162.618],[-0.253,-162.618],[-0.741,-162.189],[-52.013,-84.548],[-96.54,-40.85],[-90.098,125.402],[-0.223,162.618],[-0.223,161.609],[-89.372,124.677],[-95.758,-40.189],[-51.294,-83.819],[-0.001,-160.488],[51.286,-83.824],[95.757,-40.189],[89.372,124.677],[-0.223,161.609],[-0.223,162.618],[90.096,125.402],[96.538,-40.85],[52.007,-84.553],[0.737,-162.189],[0.241,-162.618]],"c":true},"ix":2},"nm":"Path 1","mn":"ADBE Vector Shape - Group","hd":false},{"ty":"gf","o":{"a":0,"k":100,"ix":10},"r":1,"g":{"p":5,"k":{"a":0,"k":[0,1,1,1,0.277,0.69,0.637,1,0.554,0.38,0.275,1,0.777,0.665,0.275,0.784,1,0.949,0.275,0.569],"ix":9}},"s":{"a":0,"k":[163.34,140.346],"ix":5},"e":{"a":0,"k":[-73.925,-97.678],"ix":6},"t":1,"nm":"Gradient Fill 1","mn":"ADBE Vector Graphic - G-Fill","hd":false},{"ty":"tr","p":{"a":0,"k":[325.223,162.618],"ix":2},"a":{"a":0,"k":[0,0],"ix":1},"s":{"a":0,"k":[100,100],"ix":3},"r":{"a":0,"k":0,"ix":6},"o":{"a":0,"k":100,"ix":7},"sk":{"a":0,"k":0,"ix":4},"sa":{"a":0,"k":0,"ix":5},"nm":"Transform"}],"nm":"Group 1","np":2,"cix":2,"ix":1,"mn":"ADBE Vector Group","hd":false}],"ip":0,"op":240,"st":0,"bm":0},{"ddd":0,"ind":7,"ty":4,"nm":"3","parent":1,"sr":1,"ks":{"o":{"a":0,"k":100,"ix":11},"r":{"a":0,"k":90,"ix":10},"p":{"a":1,"k":[{"i":{"x":0.667,"y":1},"o":{"x":0.333,"y":0},"n":"0p667_1_0p333_0","t":0,"s":[-90,0,0],"e":[0,0,0],"to":[15,0,0],"ti":[0,0,0]},{"i":{"x":0.667,"y":1},"o":{"x":0.333,"y":0},"n":"0p667_1_0p333_0","t":120,"s":[0,0,0],"e":[-90,0,0],"to":[0,0,0],"ti":[15,0,0]},{"t":239}],"ix":2},"a":{"a":0,"k":[325,325,0],"ix":1},"s":{"a":0,"k":[120.482,120.482,100],"ix":6}},"ao":0,"shapes":[{"ty":"gr","it":[{"ind":0,"ty":"sh","ix":1,"ks":{"a":0,"k":{"i":[[0,0],[0.071,-0.036],[0.071,0.003],[0,0],[0.043,-0.256],[30.284,-29.939],[6.515,-7.699],[-47.45,-47.45],[-33.318,-0.121],[0,0],[23.843,23.845],[-41.558,49.097],[0.808,-0.798],[-4.443,23.535],[-29.777,-29.439],[-6.463,-7.636],[47.064,-47.062],[33.037,-0.13],[0,0],[-24.095,24.096],[41.895,49.493],[-0.719,-0.715],[3.933,23.761],[0.233,0.006]],"o":[[-0.075,0.002],[-0.068,-0.035],[0,0],[-0.229,0.009],[-3.931,23.762],[0.851,-0.842],[-41.894,49.493],[24.043,24.043],[0,0],[-33.044,-0.126],[-47.064,-47.062],[6.473,-7.647],[29.782,-29.443],[4.442,23.532],[-0.689,-0.687],[41.559,49.097],[-23.841,23.841],[0,0],[33.394,-0.065],[47.449,-47.45],[-6.504,-7.686],[-30.279,-29.935],[-0.042,-0.26],[0,0]],"v":[[0.219,-162.618],[-0.003,-162.562],[-0.214,-162.618],[-0.253,-162.618],[-0.741,-162.189],[-52.013,-84.548],[-96.54,-40.85],[-90.098,125.402],[-0.223,162.618],[-0.223,161.609],[-89.372,124.677],[-95.758,-40.189],[-51.294,-83.819],[-0.001,-160.488],[51.286,-83.824],[95.757,-40.189],[89.372,124.677],[-0.223,161.609],[-0.223,162.618],[90.096,125.402],[96.538,-40.85],[52.007,-84.553],[0.737,-162.189],[0.241,-162.618]],"c":true},"ix":2},"nm":"Path 1","mn":"ADBE Vector Shape - Group","hd":false},{"ty":"gf","o":{"a":0,"k":100,"ix":10},"r":1,"g":{"p":5,"k":{"a":0,"k":[0,1,1,1,0.277,0.69,0.637,1,0.554,0.38,0.275,1,0.777,0.665,0.275,0.784,1,0.949,0.275,0.569],"ix":9}},"s":{"a":0,"k":[86.158,251.543],"ix":5},"e":{"a":0,"k":[84.231,-161.88],"ix":6},"t":1,"nm":"Gradient Fill 1","mn":"ADBE Vector Graphic - G-Fill","hd":false},{"ty":"tr","p":{"a":0,"k":[325.223,162.618],"ix":2},"a":{"a":0,"k":[0,0],"ix":1},"s":{"a":0,"k":[100,100],"ix":3},"r":{"a":0,"k":0,"ix":6},"o":{"a":0,"k":100,"ix":7},"sk":{"a":0,"k":0,"ix":4},"sa":{"a":0,"k":0,"ix":5},"nm":"Transform"}],"nm":"Group 1","np":2,"cix":2,"ix":1,"mn":"ADBE Vector Group","hd":false}],"ip":0,"op":240,"st":0,"bm":0},{"ddd":0,"ind":8,"ty":4,"nm":"2","parent":1,"sr":1,"ks":{"o":{"a":0,"k":100,"ix":11},"r":{"a":0,"k":45,"ix":10},"p":{"a":1,"k":[{"i":{"x":0.667,"y":1},"o":{"x":0.333,"y":0},"n":"0p667_1_0p333_0","t":0,"s":[-60,60,0],"e":[0,0,0],"to":[10,-10,0],"ti":[0,0,0]},{"i":{"x":0.667,"y":1},"o":{"x":0.333,"y":0},"n":"0p667_1_0p333_0","t":120,"s":[0,0,0],"e":[-60,60,0],"to":[0,0,0],"ti":[10,-10,0]},{"t":239}],"ix":2},"a":{"a":0,"k":[325,325,0],"ix":1},"s":{"a":0,"k":[120.482,120.482,100],"ix":6}},"ao":0,"shapes":[{"ty":"gr","it":[{"ind":0,"ty":"sh","ix":1,"ks":{"a":0,"k":{"i":[[0,0],[0.071,-0.036],[0.071,0.003],[0,0],[0.043,-0.256],[30.284,-29.939],[6.515,-7.699],[-47.45,-47.45],[-33.318,-0.121],[0,0],[23.843,23.845],[-41.558,49.097],[0.808,-0.798],[-4.443,23.535],[-29.777,-29.439],[-6.463,-7.636],[47.064,-47.062],[33.037,-0.13],[0,0],[-24.095,24.096],[41.895,49.493],[-0.719,-0.715],[3.933,23.761],[0.233,0.006]],"o":[[-0.075,0.002],[-0.068,-0.035],[0,0],[-0.229,0.009],[-3.931,23.762],[0.851,-0.842],[-41.894,49.493],[24.043,24.043],[0,0],[-33.044,-0.126],[-47.064,-47.062],[6.473,-7.647],[29.782,-29.443],[4.442,23.532],[-0.689,-0.687],[41.559,49.097],[-23.841,23.841],[0,0],[33.394,-0.065],[47.449,-47.45],[-6.504,-7.686],[-30.279,-29.935],[-0.042,-0.26],[0,0]],"v":[[0.219,-162.618],[-0.003,-162.562],[-0.214,-162.618],[-0.253,-162.618],[-0.741,-162.189],[-52.013,-84.548],[-96.54,-40.85],[-90.098,125.402],[-0.223,162.618],[-0.223,161.609],[-89.372,124.677],[-95.758,-40.189],[-51.294,-83.819],[-0.001,-160.488],[51.286,-83.824],[95.757,-40.189],[89.372,124.677],[-0.223,161.609],[-0.223,162.618],[90.096,125.402],[96.538,-40.85],[52.007,-84.553],[0.737,-162.189],[0.241,-162.618]],"c":true},"ix":2},"nm":"Path 1","mn":"ADBE Vector Shape - Group","hd":false},{"ty":"gf","o":{"a":0,"k":100,"ix":10},"r":1,"g":{"p":5,"k":{"a":0,"k":[0,1,1,1,0.277,0.69,0.637,1,0.554,0.38,0.275,1,0.777,0.665,0.275,0.784,1,0.949,0.275,0.569],"ix":9}},"s":{"a":0,"k":[-111.482,206.748],"ix":5},"e":{"a":0,"k":[135.469,-34.422],"ix":6},"t":1,"nm":"Gradient Fill 1","mn":"ADBE Vector Graphic - G-Fill","hd":false},{"ty":"tr","p":{"a":0,"k":[325.223,162.618],"ix":2},"a":{"a":0,"k":[0,0],"ix":1},"s":{"a":0,"k":[100,100],"ix":3},"r":{"a":0,"k":0,"ix":6},"o":{"a":0,"k":100,"ix":7},"sk":{"a":0,"k":0,"ix":4},"sa":{"a":0,"k":0,"ix":5},"nm":"Transform"}],"nm":"Group 1","np":2,"cix":2,"ix":1,"mn":"ADBE Vector Group","hd":false}],"ip":0,"op":240,"st":0,"bm":0},{"ddd":0,"ind":9,"ty":4,"nm":"1","parent":1,"sr":1,"ks":{"o":{"a":0,"k":100,"ix":11},"r":{"a":0,"k":0,"ix":10},"p":{"a":1,"k":[{"i":{"x":0.667,"y":1},"o":{"x":0.333,"y":0},"n":"0p667_1_0p333_0","t":0,"s":[0,90,0],"e":[0,0,0],"to":[0,-15,0],"ti":[0,0,0]},{"i":{"x":0.667,"y":1},"o":{"x":0.333,"y":0},"n":"0p667_1_0p333_0","t":120,"s":[0,0,0],"e":[0,90,0],"to":[0,0,0],"ti":[0,-15,0]},{"t":239}],"ix":2},"a":{"a":0,"k":[325,325,0],"ix":1},"s":{"a":0,"k":[120.482,120.482,100],"ix":6}},"ao":0,"shapes":[{"ty":"gr","it":[{"ind":0,"ty":"sh","ix":1,"ks":{"a":0,"k":{"i":[[0,0],[0.071,-0.036],[0.071,0.003],[0,0],[0.043,-0.256],[30.284,-29.939],[6.515,-7.699],[-47.45,-47.45],[-33.318,-0.121],[0,0],[23.843,23.845],[-41.558,49.097],[0.808,-0.798],[-4.443,23.535],[-29.777,-29.439],[-6.463,-7.636],[47.064,-47.062],[33.037,-0.13],[0,0],[-24.095,24.096],[41.895,49.493],[-0.719,-0.715],[3.933,23.761],[0.233,0.006]],"o":[[-0.075,0.002],[-0.068,-0.035],[0,0],[-0.229,0.009],[-3.931,23.762],[0.851,-0.842],[-41.894,49.493],[24.043,24.043],[0,0],[-33.044,-0.126],[-47.064,-47.062],[6.473,-7.647],[29.782,-29.443],[4.442,23.532],[-0.689,-0.687],[41.559,49.097],[-23.841,23.841],[0,0],[33.394,-0.065],[47.449,-47.45],[-6.504,-7.686],[-30.279,-29.935],[-0.042,-0.26],[0,0]],"v":[[0.219,-162.618],[-0.003,-162.562],[-0.214,-162.618],[-0.253,-162.618],[-0.741,-162.189],[-52.013,-84.548],[-96.54,-40.85],[-90.098,125.402],[-0.223,162.618],[-0.223,161.609],[-89.372,124.677],[-95.758,-40.189],[-51.294,-83.819],[-0.001,-160.488],[51.286,-83.824],[95.757,-40.189],[89.372,124.677],[-0.223,161.609],[-0.223,162.618],[90.096,125.402],[96.538,-40.85],[52.007,-84.553],[0.737,-162.189],[0.241,-162.618]],"c":true},"ix":2},"nm":"Path 1","mn":"ADBE Vector Shape - Group","hd":false},{"ty":"gf","o":{"a":0,"k":100,"ix":10},"r":1,"g":{"p":5,"k":{"a":0,"k":[0,1,1,1,0.277,0.69,0.637,1,0.554,0.38,0.275,1,0.777,0.665,0.275,0.784,1,0.949,0.275,0.569],"ix":9}},"s":{"a":0,"k":[-126.854,87.322],"ix":5},"e":{"a":0,"k":[125.544,83.647],"ix":6},"t":1,"nm":"Gradient Fill 1","mn":"ADBE Vector Graphic - G-Fill","hd":false},{"ty":"tr","p":{"a":0,"k":[325.223,162.618],"ix":2},"a":{"a":0,"k":[0,0],"ix":1},"s":{"a":0,"k":[100,100],"ix":3},"r":{"a":0,"k":0,"ix":6},"o":{"a":0,"k":100,"ix":7},"sk":{"a":0,"k":0,"ix":4},"sa":{"a":0,"k":0,"ix":5},"nm":"Transform"}],"nm":"Group 1","np":2,"cix":2,"ix":1,"mn":"ADBE Vector Group","hd":false}],"ip":0,"op":240,"st":0,"bm":0}],"markers":[]}